time,midpoint,ask,bid,inventory,profit
2024-11-19 22:10:03,0.27,0.27001942430500003,0.269980575695,0,0.0
2024-11-19 22:20:03,0.195,0.19498767997013303,0.19496303951039903,1,-0.269980575695
2024-11-19 22:30:03,0.19,0.18998815835132937,0.18996447465398814,1,-0.269955935235266
2024-11-19 22:40:03,0.19,0.1899881587794941,0.1899644759384822,1,-0.26993225153792477
2024-11-19 22:50:03,0.17,0.1699900469346192,0.16997014040385758,1,-0.2699085686969129
2024-11-19 23:00:03,0.185,0.1849886356044531,0.1849659064133593,1,-0.26988866216615126
2024-11-19 23:10:03,0.17,0.16999004765442882,0.16997014256328635,1,-0.26986593297505745
2024-11-19 23:20:03,0.165,0.16499051152668465,0.16497153418005395,1,-0.269846027883915
2024-11-19 23:30:03,0.13,0.12998081823470706,0.12996803012451177,2,-0.43481756206396893
2024-11-19 23:40:03,0.125,0.12498206160299567,0.12497010240499278,2,-0.4348047739537736
2024-11-19 23:50:03,0.135,0.1349795528943424,0.13496592122390397,2,-0.4347928147557707
2024-11-20 00:00:03,0.135,0.13497955363387037,0.13496592245645062,2,-0.43477918308533225
2024-11-20 00:10:03,0.135,0.1349795543733984,0.13496592368899726,2,-0.4347655519079125
2024-11-20 00:20:03,0.135,0.13497955511292636,0.1349659249215439,2,-0.43475192122351136
2024-11-20 00:30:03,0.145,0.1449769570685325,0.1449615948475542,2,-0.4347382910321289
2024-11-20 00:40:03,0.145,0.14497695790206608,0.14496159623677682,2,-0.4347229288111506
2024-11-20 00:50:03,0.145,0.14497695873559965,0.14496159762599944,2,-0.43470756714586134
2024-11-20 01:00:03,0.135,0.13497955807103834,0.1349659298517305,2,-0.43469220603626113
2024-11-20 01:10:03,0.135,0.1349795588105663,0.13496593108427715,2,-0.4346785778169533
2024-11-20 01:20:03,0.135,0.1349795595500943,0.13496593231682383,2,-0.4346649500906641
2024-11-20 01:30:03,0.135,0.1349795602896223,0.13496593354937045,2,-0.4346513228573936
2024-11-20 01:40:03,0.135,0.13497956102915026,0.1349659347819171,2,-0.43463769611714176
2024-11-20 01:50:03,0.135,0.13497956176867829,0.13496593601446374,2,-0.4346240698699086
2024-11-20 02:00:03,0.135,0.13497956250820625,0.1349659372470104,2,-0.43461044411569405
2024-11-20 02:10:03,0.135,0.13497956324773422,0.13496593847955704,2,-0.4345968188544982
2024-11-20 02:20:02,0.135,0.13497956398602967,0.13496593971004944,2,-0.43458319408632107
2024-11-20 02:30:03,0.135,0.1349795647267902,0.13496594094465034,2,-0.43456956981034084
2024-11-20 02:40:03,0.135,0.13497956546631823,0.13496594217719698,2,-0.4345559460282009
2024-11-20 02:50:03,0.135,0.1349795662058462,0.13496594340974363,2,-0.43454232273907967
2024-11-20 03:00:03,0.135,0.13497956694537416,0.13496594464229028,2,-0.43452869994297716
2024-11-20 03:10:03,0.135,0.13497956768490219,0.13496594587483693,2,-0.4345150776398933
2024-11-20 03:20:03,0.135,0.13497956842443015,0.13496594710738358,2,-0.434501455829828
2024-11-20 03:30:03,0.135,0.13497956916395817,0.13496594833993023,2,-0.43448783451278145
2024-11-20 03:40:03,0.135,0.13497956990348614,0.13496594957247687,2,-0.4344742136887535
2024-11-20 03:50:03,0.135,0.1349795706430141,0.13496595080502352,2,-0.43446059335774423
2024-11-20 04:00:03,0.135,0.13497957138254213,0.13496595203757017,2,-0.4344469735197536
2024-11-20 04:10:03,0.135,0.1349795721220701,0.13496595327011682,2,-0.4344333541747816
2024-11-20 04:20:03,0.135,0.1349795728615981,0.13496595450266344,2,-0.4344197353228284
2024-11-20 04:30:03,0.135,0.13497957360112608,0.1349659557352101,2,-0.43440611696389375
2024-11-20 04:40:03,0.135,0.13497957434065405,0.13496595696775676,2,-0.4343924990979777
2024-11-20 04:50:03,0.135,0.13497957508018207,0.1349659582003034,2,-0.43437888172508043
2024-11-20 05:00:03,0.135,0.13497957581971004,0.13496595943285006,2,-0.43436526484520177
2024-11-20 05:10:03,0.135,0.13497957655923803,0.13496596066539668,2,-0.4343516484583418
2024-11-20 05:20:03,0.125,0.12497013936864611,0.12495819487610453,3,-0.5693176091237384
2024-11-20 05:30:03,0.125,0.12497014044993002,0.12495819638990202,3,-0.5693056646311968
2024-11-20 05:40:03,0.125,0.12497014153121395,0.12495819790369951,3,-0.5692937205711688
2024-11-20 05:50:03,0.125,0.12497014261249786,0.124958199417497,3,-0.5692817769436543
2024-11-20 06:00:03,0.125,0.1249701436937818,0.12495820093129449,3,-0.5692698337486535
2024-11-20 06:10:03,0.125,0.12497014477506571,0.12495820244509198,3,-0.5692578909861662
2024-11-20 06:20:03,0.13,0.12996807772825963,0.1299553085795635,3,-0.5692459486561925
2024-11-20 06:30:03,0.13,0.1299680788844486,0.12995531019822804,3,-0.5692331795074963
2024-11-20 06:40:03,0.125,0.12497014801891747,0.12495820698648445,3,-0.5692204108212757
2024-11-20 06:50:03,0.125,0.12497014910020139,0.12495820850028193,3,-0.5692084697888427
2024-11-20 07:00:03,0.135,0.13497958469404592,0.13496597422340983,2,-0.4442383206886413
2024-11-20 07:10:03,0.13,0.12998085014552271,0.12996808330920448,2,-0.4442247102180052
2024-11-20 07:20:03,0.125,0.12497015234405316,0.12495821304167441,3,-0.5741927935272096
2024-11-20 07:30:03,0.125,0.12497015342533709,0.12495821455547189,3,-0.5741808542248309
2024-11-20 07:40:02,0.125,0.12497015450481887,0.12495821606674638,3,-0.5741689153549657
2024-11-20 07:50:03,0.125,0.12497015558790493,0.12495821758306687,3,-0.5741569769168933
2024-11-20 08:00:03,0.125,0.12497015666918884,0.12495821909686436,3,-0.5741450389120553
2024-11-20 08:10:03,0.125,0.12497015775047275,0.12495822061066185,3,-0.5741331013397307
2024-11-20 08:20:03,0.125,0.12497015883175669,0.12495822212445934,3,-0.5741211641999198
2024-11-20 08:30:03,0.125,0.1249701599130406,0.12495822363825683,3,-0.5741092274926225
2024-11-20 08:40:03,0.125,0.12497016099432454,0.12495822515205432,3,-0.5740972912178387
2024-11-20 08:50:03,0.125,0.12497016207560845,0.12495822666585181,3,-0.5740853553755685
2024-11-20 09:00:03,0.125,0.12497016315689237,0.12495822817964929,3,-0.5740734199658118
2024-11-20 09:10:03,0.125,0.12497016423817629,0.12495822969344679,3,-0.5740614849885688
2024-11-20 09:20:03,0.125,0.1249701653194602,0.12495823120724428,3,-0.5740495504438393
2024-11-20 09:30:03,0.125,0.12497016640074413,0.12495823272104176,3,-0.5740376163316234
2024-11-20 09:40:03,0.125,0.12497016748202805,0.12495823423483926,3,-0.5740256826519211
2024-11-20 09:50:03,0.125,0.12497016856331197,0.12495823574863674,3,-0.5740137494047324
2024-11-20 10:00:03,0.125,0.1249701696445959,0.12495823726243424,3,-0.5740018165900571
2024-11-20 10:10:03,0.125,0.12497017072587982,0.12495823877623172,3,-0.5739898842078954
2024-11-20 10:20:03,0.125,0.12497017180716373,0.12495824029002921,3,-0.5739779522582473
2024-11-20 10:30:03,0.125,0.12497017288844767,0.1249582418038267,3,-0.5739660207411128
2024-11-20 10:40:03,0.125,0.12497017396973158,0.12495824331762419,3,-0.5739540896564919
2024-11-20 10:50:03,0.125,0.12497017505101549,0.12495824483142168,3,-0.5739421590043845
2024-11-20 11:00:03,0.125,0.12497017613229942,0.12495824634521917,3,-0.5739302287847907
2024-11-20 11:10:03,0.125,0.12497017721358333,0.12495824785901666,3,-0.5739182989977104
2024-11-20 11:20:02,0.125,0.12497017829306512,0.12495824937029115,3,-0.5739063696431437
2024-11-20 11:30:03,0.125,0.12497017937615118,0.12495825088661164,3,-0.5738944407203697
2024-11-20 11:40:03,0.125,0.1249701804574351,0.12495825240040911,3,-0.5738825122308301
2024-11-20 11:50:03,0.125,0.12497018153871903,0.12495825391420662,3,-0.5738705841738041
2024-11-20 12:00:03,0.125,0.12497018262000294,0.12495825542800411,3,-0.5738586565492917
2024-11-20 12:10:03,0.125,0.12497018370128686,0.12495825694180158,3,-0.5738467293572929
2024-11-20 12:20:03,0.125,0.12497018478257078,0.12495825845559909,3,-0.5738348025978076
2024-11-20 12:30:03,0.125,0.12497018586385471,0.12495825996939657,3,-0.573822876270836
2024-11-20 12:40:03,0.125,0.12497018694513863,0.12495826148319407,3,-0.5738109503763777
2024-11-20 12:50:03,0.125,0.12497018802642255,0.12495826299699155,3,-0.5737990249144332
2024-11-20 13:00:03,0.125,0.12497018910770646,0.12495826451078904,3,-0.5737870998850022
2024-11-20 13:10:03,0.125,0.1249701901889904,0.12495826602458653,3,-0.5737751752880847
2024-11-20 13:20:03,0.125,0.12497019127027431,0.12495826753838402,3,-0.5737632511236809
2024-11-20 13:30:03,0.125,0.12497019235155823,0.12495826905218152,3,-0.5737513273917906
2024-11-20 13:40:03,0.125,0.12497019343284216,0.124958270565979,3,-0.5737394040924139
2024-11-20 13:50:03,0.125,0.12497019451412607,0.12495827207977649,3,-0.5737274812255507
2024-11-20 14:00:02,0.125,0.12497019559360785,0.12495827359105098,3,-0.5737155587912012
2024-11-20 14:10:03,0.125,0.12497019667669391,0.12495827510737147,3,-0.5737036367886443
2024-11-20 14:20:03,0.125,0.12497019775797784,0.12495827662116894,3,-0.5736917152193219
2024-11-20 14:30:03,0.125,0.12497019883926176,0.12495827813496645,3,-0.573679794082513
2024-11-20 14:40:03,0.125,0.12497019992054567,0.12495827964876394,3,-0.5736678733782177
2024-11-20 14:50:03,0.125,0.12497020100182961,0.12495828116256143,3,-0.5736559531064359
2024-11-20 15:00:03,0.125,0.12497020208311352,0.12495828267635892,3,-0.5736440332671677
2024-11-20 15:10:03,0.125,0.12497020316439744,0.1249582841901564,3,-0.5736321138604131
2024-11-20 15:20:03,0.125,0.12497020424568137,0.1249582857039539,3,-0.5736201948861721
2024-11-20 15:30:02,0.125,0.12497020532516315,0.12495828721522839,3,-0.5736082763444446
2024-11-20 15:40:03,0.125,0.1249702064082492,0.12495828873154886,3,-0.5735963582345098
2024-11-20 15:50:03,0.125,0.12497020748953314,0.12495829024534635,3,-0.5735844405578095
2024-11-20 16:00:03,0.125,0.12497020857081705,0.12495829175914384,3,-0.5735725233136227
2024-11-20 16:10:03,0.125,0.12497020965210097,0.12495829327294135,3,-0.5735606065019495
2024-11-20 16:20:03,0.125,0.12497021073338489,0.12495829478673882,3,-0.5735486901227899
2024-11-20 16:30:03,0.125,0.1249702118146688,0.12495829630053631,3,-0.5735367741761438
2024-11-20 16:40:03,0.125,0.12497021289595274,0.1249582978143338,3,-0.5735248586620113
2024-11-20 16:50:03,0.125,0.12497021397723665,0.1249582993281313,3,-0.5735129435803924
2024-11-20 17:00:03,0.125,0.12497021505852057,0.12495830084192877,3,-0.5735010289312871
2024-11-20 17:10:03,0.125,0.1249702161398045,0.12495830235572628,3,-0.5734891147146952
2024-11-20 17:20:03,0.125,0.1249702172210884,0.12495830386952377,3,-0.5734772009306169
2024-11-20 17:30:03,0.125,0.12497021830237234,0.12495830538332126,3,-0.5734652875790522
2024-11-20 17:40:03,0.125,0.12497021938365625,0.12495830689711875,3,-0.5734533746600012
2024-11-20 17:50:03,0.125,0.12497022046494018,0.12495830841091622,3,-0.5734414621734637
2024-11-20 18:00:03,0.125,0.1249702215462241,0.12495830992471373,3,-0.5734295501194397
2024-11-20 18:10:02,0.125,0.12497022262570588,0.12495831143598822,3,-0.5734176384979294
2024-11-20 18:20:02,0.125,0.1249702237069898,0.1249583129497857,3,-0.5734057273082117
2024-11-20 18:30:03,0.125,0.12497022479007587,0.12495831446610618,3,-0.5733938165510076
2024-11-20 18:40:02,0.125,0.12497022586955765,0.12495831597738068,3,-0.573381906227038
2024-11-20 18:50:03,0.125,0.1249702269526437,0.12495831749370118,3,-0.5733699963348611
2024-11-20 19:00:03,0.125,0.12497022803392763,0.12495831900749865,3,-0.5733580868759185
2024-11-20 19:10:03,0.125,0.12497022911521154,0.12495832052129614,3,-0.5733461778494895
2024-11-20 19:20:03,0.125,0.12497023019649547,0.12495832203509363,3,-0.5733342692555741
2024-11-20 19:30:03,0.125,0.12497023127777938,0.12495832354889112,3,-0.5733223610941722
2024-11-20 19:40:02,0.125,0.12497023235726117,0.12495832506016562,3,-0.573310453365284
2024-11-20 19:50:03,0.125,0.12497023344034723,0.1249583265764861,3,-0.5732985460681884
2024-11-20 20:00:03,0.125,0.12497023452163114,0.1249583280902836,3,-0.5732866392043273
2024-11-20 20:10:02,0.125,0.12497023560111292,0.12495832960155809,3,-0.5732747327729798
2024-11-20 20:20:03,0.125,0.12497023668419899,0.12495833111787857,3,-0.573262826773425
2024-11-20 20:30:03,0.125,0.12497023776548291,0.12495833263167605,3,-0.5732509212071046
2024-11-20 20:40:03,0.125,0.12497023884676683,0.12495833414547355,3,-0.5732390160732979
2024-11-20 20:50:03,0.125,0.12497023992805076,0.12495833565927103,3,-0.5732271113720045
2024-11-20 21:00:03,0.125,0.12497024100933467,0.12495833717306852,3,-0.5732152071032248
2024-11-20 21:10:03,0.125,0.1249702420906186,0.12495833868686601,3,-0.5732033032669587
2024-11-20 21:20:02,0.125,0.12497024317010039,0.1249583401981405,3,-0.5731913998632061
2024-11-20 21:30:03,0.125,0.12497024425318644,0.124958341714461,3,-0.5731794968912463
2024-11-20 21:40:03,0.125,0.12497024533447036,0.12495834322825848,3,-0.5731675943525208
2024-11-20 21:50:03,0.125,0.12497024641575427,0.12495834474205597,3,-0.5731556922463089
2024-11-20 22:00:03,0.125,0.12497024749703821,0.12495834625585346,3,-0.5731437905726107
2024-11-20 22:10:03,0.125,1.0779843186776203,-0.8280557223296473,3,-0.5731318893314259
2024-11-20 22:20:03,0.125,0.6144326565495648,-0.3645040576065104,3,-0.5731318893314259
2024-11-20 22:30:03,0.125,0.4550162729045981,-0.20508767136646222,3,-0.5731318893314259
2024-11-20 22:40:03,0.125,0.3743464497503309,-0.1244178456171136,3,-0.5731318893314259
2024-11-20 22:50:03,0.135,0.33562746770457974,-0.06570884830776053,3,-0.5731318893314259
2024-11-20 23:00:03,0.135,0.3030196615761608,-0.03310103922122962,3,-0.5731318893314259
2024-11-20 23:10:02,0.135,0.3041789681637374,-0.03426034285562446,3,-0.5731318893314259
2024-11-20 23:20:03,0.135,0.2621122502239037,0.0078063780472514,3,-0.5731318893314259
2024-11-20 23:30:03,0.135,0.24844025713892287,0.0214783740903442,3,-0.5731318893314259
2024-11-20 23:40:03,0.135,0.23748983633072135,0.03242879785665766,3,-0.5731318893314259
2024-11-20 23:50:03,0.135,0.22852206177064077,0.04139657537485021,3,-0.5731318893314259
2024-11-21 00:00:03,0.135,0.22104330647506504,0.04887533362853784,3,-0.5731318893314259
2024-11-21 00:10:03,0.135,0.21471125334822747,0.055207389713487404,3,-0.5731318893314259
2024-11-21 00:20:03,0.135,0.20928104583487828,0.060637600184948556,3,-0.5731318893314259
2024-11-21 00:30:03,0.135,0.20457290772741876,0.06534574125052002,3,-0.5731318893314259
2024-11-21 00:40:03,0.135,0.20045186820409583,0.06946678373195493,3,-0.5731318893314259
2024-11-21 00:50:03,0.135,0.19681462200665747,0.0731040328875052,3,-0.5731318893314259
2024-11-21 01:00:03,0.135,0.19358075756673812,0.07633790028553653,3,-0.5731318893314259
2024-11-21 01:10:03,0.135,0.19068674800778312,0.07923191280260344,3,-0.5731318893314259
2024-11-21 01:20:03,0.135,0.18808174039880562,0.08183692336969292,3,-0.5731318893314259
2024-11-21 01:30:03,0.135,0.18572454525019072,0.0841941214764198,3,-0.4668870723023132
2024-11-21 01:40:03,0.135,0.18358144521280084,0.08633722447192159,3,-0.4668870723023132
2024-11-21 01:50:03,0.135,0.18162457419269515,0.08829409845013927,3,-0.36964285156143395
2024-11-21 02:00:03,0.135,0.17983070085256733,0.09008797474837901,3,-0.2763123758188781
2024-11-21 02:10:03,0.135,0.17818030349539,0.09173837506366833,3,-0.18656964971468976
2024-11-21 02:20:03,0.135,0.17665687825802606,0.09326180325914422,3,-0.18656964971468976
2024-11-21 02:30:03,0.135,0.1752463026340798,0.09467238184120241,3,-0.18656964971468976
2024-11-21 02:40:03,0.135,0.1739365258411088,0.09598216159228541,3,-0.10599572892181236
2024-11-21 02:50:03,0.135,0.17271713755810306,0.09720155283340307,3,-0.10599572892181236
2024-11-21 03:00:04,0.135,0.17157953619668034,0.09833915715786792,3,-0.03048014419711237
2024-11-21 03:10:03,0.135,0.17051459079581466,0.09940410551191536,3,-0.03048014419711237
2024-11-21 03:20:03,0.135,0.16951668955957178,0.10040200970627024,3,0.040630341086786925
2024-11-21 03:30:03,0.135,0.16857936149942715,0.10133934072452683,3,0.040630341086786925
2024-11-21 03:40:03,0.135,0.167697269102032,0.1022214360800339,3,0.10787036186168725
2024-11-21 03:50:03,0.135,0.166865683984066,0.10305302415611187,3,0.10787036186168725
2024-11-21 04:00:03,0.135,0.16608040240731503,0.10383830869097477,3,0.17168302168964142
2024-11-21 04:10:03,0.145,0.17533336917734854,0.11457501216307427,3,0.2339251154059817
2024-11-21 04:20:03,0.52,0.5495751737043841,0.49017725642043014,2,0.40925848458333025
2024-11-21 04:30:03,0.395,0.4238588340232648,0.3658007663855401,3,-0.08091877183709989
2024-11-21 04:40:03,0.42,0.44827837429392525,0.39148583233465895,2,0.3429400621861649
2024-11-21 04:50:03,0.35,0.37763542444173276,0.3220561038925464,3,-0.04854577014849404
2024-11-21 05:00:03,0.345,0.3720631175884348,0.31763254351646475,3,-0.04854577014849404
2024-11-21 05:10:03,0.295,0.32149233224901713,0.26816396590535824,4,-0.3661783136649588
2024-11-21 05:20:03,0.345,0.3709936585943838,0.3187020246652038,3,-0.044685981415941656
2024-11-21 05:30:03,0.275,0.3004833470682523,0.24920081129480975,4,-0.36338800608114546
2024-11-21 05:40:03,0.265,0.2900125207822392,0.23968605468415577,4,-0.3121054703077029
2024-11-21 05:50:03,0.27,0.2945526302561268,0.24513871737814613,4,-0.26177900420961947
2024-11-21 06:00:03,0.27,0.29411503770768066,0.24557632116298322,4,-0.26177900420961947
2024-11-21 06:10:03,0.345,0.36870365545730266,0.3209920831890053,3,0.03233603349806119
2024-11-21 06:20:03,0.27,0.29329265641109176,0.24639872493235387,4,-0.2886560496909441
2024-11-21 06:30:03,0.345,0.3679140473603844,0.3217817134406116,3,0.004636606720147651
2024-11-21 06:40:03,0.315,0.33750711738398903,0.2921230377852004,4,-0.317145106720464
2024-11-21 06:50:03,0.315,0.33714936097126325,0.2924808076644605,4,-0.317145106720464
2024-11-21 07:00:03,0.32,0.3418021983904037,0.2978217015025979,4,-0.317145106720464
2024-11-21 07:10:03,0.31,0.3314759470094934,0.28816064754615295,4,-0.317145106720464
2024-11-21 07:20:03,0.32,0.34119754791302614,0.29852039754966664,3,0.014330840289029423
2024-11-21 07:30:03,0.325,0.34593484902448507,0.30387404137655155,2,0.35552838820205557
2024-11-21 07:40:02,0.325,0.345636787446227,0.3041721099030276,2,0.39758919584998903
2024-11-21 07:50:03,0.28,0.30036052215879694,0.25947809488904494,2,0.4390538733931884
2024-11-21 08:00:03,0.27,0.29008521751687805,0.2497605293367993,2,0.4390538733931884
2024-11-21 08:10:03,0.265,0.2847801359720182,0.24499391907250395,3,0.18929334405638912
2024-11-21 08:20:03,0.315,0.3344987130573134,0.295224004318586,3,0.22907956095590337
2024-11-21 08:30:03,0.315,0.33424701874841606,0.295475708727384,3,0.2683542696946307
2024-11-21 08:40:03,0.315,0.3340032673467781,0.29571947022892275,3,0.30712557971566273
2024-11-21 08:50:03,0.315,0.33376709208345234,0.2959556555921492,3,0.345409376833518
2024-11-21 09:00:03,0.3,0.3185442490736801,0.281193150326515,3,0.38322081332482116
2024-11-21 09:10:03,0.3,0.3183222127307739,0.28141519623592937,3,0.42057191207198624
2024-11-21 09:20:03,0.305,0.3231493019979539,0.28667233551914495,2,0.7388941248027601
2024-11-21 09:30:03,0.3,0.31789766052793084,0.2818397675717886,3,0.4522217892836151
2024-11-21 09:40:03,0.295,0.31269668615873003,0.2770457907953706,3,0.48827968223975743
2024-11-21 09:50:03,0.3,0.3175410599035032,0.2822839049183206,2,0.8009763683984874
2024-11-21 10:00:03,0.305,0.32234807983604,0.2874735836738474,2,0.83623352338367
2024-11-21 10:10:03,0.305,0.322161659203454,0.2876600108046305,2,0.8711080195458627
2024-11-21 10:20:03,0.305,0.3219803416514107,0.287841334854871,2,0.8711080195458627
2024-11-21 10:30:03,0.305,0.3218039227586397,0.2880177602458391,2,0.9052470263424024
2024-11-21 10:40:03,0.31,0.32663098887438635,0.2931874473553271,2,0.9052470263424024
2024-11-21 10:50:03,0.305,0.32142044030794314,0.2883121036933666,3,0.6120595789870753
2024-11-21 11:00:03,0.305,0.3212575965348458,0.28847495721375965,3,0.6451679156016519
2024-11-21 11:10:03,0.31,0.32609690142985104,0.2936307826901242,3,0.677950554922738
2024-11-21 11:20:03,0.31,0.32594226711577456,0.29378542692933574,3,0.7104166736624647
2024-11-21 11:30:03,0.31,0.3257915048842623,0.29393619908598306,3,0.7425735138489035
2024-11-21 11:40:03,0.31,0.3256444757473559,0.2940832381480245,3,0.7744288196471827
2024-11-21 11:50:03,0.31,0.32550104443241235,0.2942266793881031,3,0.7744288196471827
2024-11-21 12:00:03,0.31,0.3253610821006297,0.2943666516450207,3,0.8057031846914918
2024-11-21 12:10:03,0.31,0.3252244659687908,0.29450327770199464,3,0.8057031846914918
2024-11-21 12:20:03,0.295,0.31005438075603925,0.27960245535131006,4,0.5111999069894972
2024-11-21 12:30:03,0.295,0.3099241124994678,0.2797327361184158,4,0.5111999069894972
2024-11-21 12:40:03,0.285,0.2998028572015168,0.2698677231826161,4,0.5413912833705492
2024-11-21 12:50:03,0.305,0.3197112330123427,0.29002142795651575,3,0.841194140572066
2024-11-21 13:00:03,0.3,0.31459176062676597,0.28514586836962375,3,0.8708839456278931
2024-11-21 13:10:03,0.28,0.2944815112460095,0.2652766964535572,3,0.9003298378850353
2024-11-21 13:20:03,0.29,0.30440301182510077,0.27542884973639614,2,1.1948113491310448
2024-11-21 13:30:03,0.305,0.3192855887811089,0.29053621119091866,2,1.2237855112197495
2024-11-21 13:40:03,0.305,0.3191744040482053,0.29064740242201936,2,1.25253488880994
2024-11-21 13:50:03,0.305,0.319065603950493,0.29075620901792887,2,1.2810618904361257
2024-11-21 14:00:03,0.3,0.31396035523229787,0.2858647690313277,2,1.30937128536869
2024-11-21 14:10:03,0.295,0.3088573612985166,0.28097112556309656,2,1.30937128536869
2024-11-21 14:20:03,0.295,0.30875527778771894,0.2810732153291613,2,1.30937128536869
2024-11-21 14:30:03,0.295,0.3086552972230579,0.28117320214908953,2,1.30937128536869
2024-11-21 14:40:03,0.295,0.3085573561384479,0.2812711494889666,2,1.3368533804426583
2024-11-21 14:50:03,0.295,0.30846139357647784,0.28136711830620387,2,1.3641395870921398
2024-11-21 15:00:03,0.295,0.3083673509654688,0.28146116717248,2,1.3641395870921398
2024-11-21 15:10:03,0.285,0.29827774295735565,0.27155763731228,2,1.3910457708851285
2024-11-21 15:20:03,0.3,0.3132272504677427,0.2866853371747584,1,1.689323513842484
2024-11-21 15:30:03,0.29,0.3031394839071968,0.2767764867255079,1,1.689323513842484
2024-11-21 15:40:03,0.29,0.30305257756298243,0.27686339613525746,1,1.689323513842484
2024-11-21 15:50:03,0.295,0.3079669047566196,0.2819473699505226,1,1.7155126952702089
2024-11-21 16:00:03,0.295,0.307883270062059,0.2820310077727168,1,1.7415322300763056
2024-11-21 16:10:03,0.295,0.30780120318075554,0.28211307778165384,1,1.7415322300763056
2024-11-21 16:20:03,0.295,0.30772066096757633,0.28219362312246665,1,1.7672203554754073
2024-11-21 16:30:03,0.295,0.3076416018279694,0.28227268538970707,1,1.7927473933205171
2024-11-21 16:40:03,0.295,0.3075639856487761,0.282350304696534,1,1.8181163097587794
2024-11-21 16:50:03,0.295,0.30748777373266095,0.2824265197402827,1,1.8181163097587794
2024-11-21 17:00:03,0.3,0.31241250946861565,0.28750011006224585,1,1.8431775637511578
2024-11-21 17:10:03,0.3,0.31233899535809884,0.28757362736159864,1,1.8680899631575276
2024-11-21 17:20:03,0.3,0.31226677730876495,0.2876458485997686,1,1.8928553311540277
2024-11-21 17:30:03,0.3,0.3121958216971155,0.287716807400254,1,1.9174762598630242
2024-11-21 17:40:03,0.31,0.3221252772306597,0.2977840798360874,1,1.9174762598630242
2024-11-21 17:50:03,0.31,0.3220567501495124,0.29785261022561305,1,1.9418174572575964
2024-11-21 18:00:03,0.31,0.32198939126222625,0.29791997242127755,1,1.9660215971814958
2024-11-21 18:10:03,0.31,0.32192317292537725,0.2979861940665049,1,1.9660215971814958
2024-11-21 18:20:03,0.31,0.32185806497966,0.29805130532060037,1,1.989958576040368
2024-11-21 18:30:03,0.31,0.3217940382699111,0.29811533533872764,1,2.0137653356994276
2024-11-21 18:40:03,0.31,0.32173106958691233,0.29817830733010475,1,2.037444038630611
2024-11-21 18:50:03,0.31,0.3216691298316034,0.29824025039379204,1,2.060996800887419
2024-11-21 19:00:03,0.31,0.3216081957590313,0.29830118777474246,1,2.08442568032523
2024-11-21 19:10:03,0.315,0.32659394868294483,0.30340605131705517,0,2.406033876084261
2024-11-21 19:20:03,0.315,0.32653495259843807,0.30346504740156194,0,2.406033876084261
2024-11-21 19:30:03,0.315,0.3264768919611247,0.3035231080388753,0,2.406033876084261
2024-11-21 19:40:03,0.315,0.3264197463513163,0.3035802536486837,0,2.406033876084261
2024-11-21 19:50:03,0.315,0.32636349129286596,0.30363650870713405,0,2.4288733687868937
2024-11-21 20:00:04,0.315,0.3263082382419677,0.3036917617580323,0,2.4516003513726257
2024-11-21 20:10:03,0.315,0.32625357704475677,0.30374642295524323,0,2.4516003513726257
2024-11-21 20:20:03,0.32,0.3312002682819063,0.3087997317180937,0,2.4741075054621393
2024-11-21 20:30:03,0.32,0.3311473810693084,0.3088526189306916,0,2.496508042025952
2024-11-21 20:40:03,0.315,0.32604880790723056,0.3038590136822872,1,2.1876554230952605
2024-11-21 20:50:03,0.325,0.33604435689225876,0.31395564310774127,0,2.513704231002491
2024-11-21 21:00:03,0.325,0.33599380092594516,0.31400619907405486,0,2.5357929447870085
2024-11-21 21:10:03,0.325,0.3359439877837234,0.3140560122162766,0,2.5577805466388988
2024-11-21 21:20:03,0.325,0.33589490257547167,0.31410509742452836,0,2.5796685222063456
2024-11-21 21:30:03,0.31,0.3208453526402936,0.29915464735970637,0,2.601458327357289
2024-11-21 21:40:03,0.29,0.30079600998196443,0.27920399001803553,0,2.623149032637876
2024-11-21 21:50:03,0.29,0.30074900950977773,0.27925099049022223,0,2.6447410526018054
2024-11-21 22:00:03,0.29,0.30070267468682466,0.2792973253131753,0,2.666239071621361
2024-11-21 22:10:03,0.29,0.3006569913330145,0.27934300866698547,0,2.68764442099501
2024-11-21 22:20:03,0.285,0.29561151492168636,0.2743884850783136,0,2.708958403661039
2024-11-21 22:30:03,0.275,0.28556621587790687,0.2644337841220932,0,2.7301814335044114
2024-11-21 22:40:03,0.26,0.2705210537436162,0.24947894625638387,0,2.751313865260225
2024-11-21 22:50:03,0.26,0.27047784206950676,0.24952215793049323,0,2.751313865260225
2024-11-21 23:00:02,0.265,0.2755510244996916,0.2544489755003084,0,2.772269549399238
2024-11-21 23:10:03,0.26,0.2703931662456898,0.2496068337543102,0,2.7933715983986214
2024-11-21 23:20:03,0.26,0.27035167696587886,0.24964832303412116,0,2.8141579308900013
2024-11-21 23:30:03,0.26,0.2703107385378441,0.24968926146215595,0,2.8348612848217587
2024-11-21 23:40:03,0.26,0.27027033981618265,0.24972966018381734,0,2.8554827618974468
2024-11-21 23:50:03,0.26,0.2702304699396736,0.24976953006032643,0,2.8760234415298123
2024-11-22 00:00:03,0.26,0.27019111832214787,0.24980888167785215,0,2.8964843814091594
2024-11-22 00:10:03,0.265,0.2751527294271753,0.25484727057282475,0,2.916866618053455
2024-11-22 00:20:03,0.265,0.2751143836091179,0.25488561639088214,0,2.9371720769078054
2024-11-22 00:30:03,0.265,0.2750765258556918,0.2549234741443082,0,2.957400844126041
2024-11-22 00:40:03,0.265,0.2750391465963865,0.2549608534036135,0,2.9775538958374246
2024-11-22 00:50:03,0.265,0.27500223649502775,0.2549977635049723,0,2.9976321890301976
2024-11-22 01:00:03,0.265,0.274965786442535,0.25503421355746503,0,2.9976321890301976
2024-11-22 01:10:03,0.265,0.2749297875499201,0.25507021245007994,0,3.0175637619152678
2024-11-22 01:20:03,0.265,0.27489423114156075,0.2551057688584393,0,3.037423337015108
2024-11-22 01:30:03,0.26,0.2698220485538561,0.2501047403574061,1,2.7823175681566683
2024-11-22 01:40:03,0.26,0.2697873532633879,0.2501394383245993,1,2.8020348763531184
2024-11-22 01:50:03,0.26,0.26975307564679074,0.25017371861792126,1,2.821682791291907
2024-11-22 02:00:03,0.26,0.2697192078193271,0.2502075891221097,1,2.8412621483207765
2024-11-22 02:10:03,0.26,0.26968574207943474,0.25024105753872705,1,2.860773767017994
2024-11-22 02:20:03,0.26,0.2696526709033174,0.25027413139156923,1,2.860773767017994
2024-11-22 02:30:03,0.26,0.2696199869397231,0.25030681803188837,1,2.860773767017994
2024-11-22 02:40:03,0.26,0.26958768300490277,0.25033912464343366,1,2.8800869359258288
2024-11-22 02:50:03,0.26,0.2695557520777575,0.25037105824730377,1,2.899335494287298
2024-11-22 03:00:03,0.26,0.2696224384426804,0.2503043745591057,1,2.9185201881177516
2024-11-22 03:10:03,0.26,0.2694929808356687,0.2504338348428424,1,2.937838252001326
2024-11-22 03:20:03,0.26,0.26946212837597366,0.25046468997926224,1,2.9568973979941524
2024-11-22 03:30:03,0.26,0.26943162237417234,0.2504951986577884,1,2.975894836390864
2024-11-22 03:40:03,0.255,0.26440191480402914,0.2455267419005523,1,2.9948312601072478
2024-11-22 03:50:03,0.29,0.2994108688132376,0.2805891311867624,0,3.259233174911277
2024-11-22 04:00:03,0.29,0.2993813636414829,0.2806186363585171,0,3.2780549125377525
2024-11-22 04:10:03,0.295,0.3043526049974642,0.2856473950025358,0,3.2780549125377525
2024-11-22 04:20:03,0.295,0.3043237383843523,0.2856762616156477,0,3.296760122532681
2024-11-22 04:30:03,0.295,0.3042951825545752,0.28570481744542475,0,3.3154075993013854
2024-11-22 04:40:03,0.295,0.30426693199855226,0.2857330680014477,0,3.333997964410536
2024-11-22 04:50:02,0.295,0.3043312222682461,0.28566877773175386,0,3.3525318284076406
2024-11-22 05:00:03,0.295,0.30421132524444194,0.285788674755558,0,3.3711942729441327
2024-11-22 05:10:03,0.295,0.30418395859287767,0.2858160414071223,0,3.3896169234330165
2024-11-22 05:20:03,0.295,0.3041568763021455,0.2858431236978545,0,3.407984840618772
2024-11-22 05:30:03,0.295,0.3041300734104364,0.28586992658956356,0,3.4262985932230627
2024-11-22 05:40:04,0.295,0.3041036501262534,0.28589634987374657,0,3.4445587400439357
2024-11-22 05:50:03,0.295,0.30407728647879295,0.285922713521207,0,3.4627660402964424
2024-11-22 06:00:03,0.295,0.3040512930092815,0.28594870699071845,0,3.4809206132540282
2024-11-22 06:10:03,0.295,0.30402556007454173,0.28597443992545823,0,3.4809206132540282
2024-11-22 06:20:03,0.295,0.3040000831915357,0.28599991680846426,0,3.4989717334031116
2024-11-22 06:30:03,0.295,0.30397485796562124,0.28602514203437873,0,3.516971899786183
2024-11-22 06:40:03,0.295,0.30394988008826196,0.286050119911738,0,3.5349216157174257
2024-11-22 06:50:03,0.295,0.30392514533482906,0.2860748546651709,0,3.5528213758939495
2024-11-22 07:00:03,0.295,0.3039006495624469,0.2860993504375531,0,3.570671666563608
2024-11-22 07:10:03,0.295,0.30387638870791844,0.2861236112920815,0,3.588472965688502
2024-11-22 07:20:02,0.295,0.30393796454065675,0.2860620354593432,0,3.606225743104339
2024-11-22 07:30:03,0.29,0.2988281318311274,0.2811718681688726,0,3.6241016721856525
2024-11-22 07:40:03,0.29,0.29880455310727805,0.2811954468927219,0,3.6417579358479073
2024-11-22 07:50:03,0.29,0.2987811928207913,0.28121880717920866,0,3.6593670420624638
2024-11-22 08:00:03,0.29,0.29875804826293245,0.2812419517370675,0,3.6769294277040463
2024-11-22 08:10:03,0.29,0.29873511580821416,0.2812648841917858,0,3.6944455242299115
2024-11-22 08:20:03,0.29,0.29871239189789955,0.2812876081021004,0,3.71191575584634
2024-11-22 08:30:03,0.285,0.2936894432667475,0.27631055673325244,0,3.729340539642139
2024-11-22 08:40:03,0.285,0.29366712604358747,0.2763328739564125,0,3.729340539642139
2024-11-22 08:50:03,0.285,0.29364500707292246,0.2763549929270775,0,3.746674791729314
2024-11-22 09:00:03,0.285,0.2936230830470563,0.27637691695294364,0,3.7639648058751596
2024-11-22 09:10:03,0.285,0.2936013507173032,0.27639864928269675,0,3.781210971969272
2024-11-22 09:20:03,0.285,0.2935798068925623,0.27642019310743765,0,3.798413673403878
2024-11-22 09:30:03,0.28,0.2885580132667619,0.27144198673323816,0,3.815573287189003
2024-11-22 09:40:03,0.28,0.28853683711816214,0.2714631628818379,0,3.832689313722527
2024-11-22 09:50:03,0.28,0.2885158402331801,0.27148415976681994,0,3.832689313722527
2024-11-22 10:00:03,0.28,0.28849501963764523,0.2715049803623548,0,3.849720994188887
2024-11-22 10:10:03,0.28,0.28847437240844415,0.2715256275915559,0,3.8667110334641768
2024-11-22 10:20:03,0.28,0.28845389567233487,0.2715461043276652,0,3.883659778281065
2024-11-22 10:30:03,0.28,0.28843358660476537,0.2715664133952347,0,3.900567569625735
2024-11-22 10:40:03,0.28,0.288413442428745,0.27158655757125505,0,3.9174347428352663
2024-11-22 10:50:03,0.28,0.28839346041374747,0.2716065395862526,0,3.9174347428352663
2024-11-22 11:00:03,0.28,0.2883736378746248,0.2716263621253753,0,3.934221663662761
2024-11-22 11:10:03,0.28,0.28835397217056713,0.2716460278294329,0,3.934221663662761
2024-11-22 11:20:03,0.28,0.28833446070408153,0.2716655392959185,0,3.934221663662761
2024-11-22 11:30:03,0.285,0.2933155358999216,0.27668446410007835,0,3.9508905850709244
2024-11-22 11:40:03,0.285,0.29329632526851823,0.2767036747314817,0,3.9675216568707676
2024-11-22 11:50:03,0.28,0.28827682638431157,0.2717231736156885,0,3.984114307407804
2024-11-22 12:00:03,0.19,0.19824954177794085,0.18175045822205915,0,4.000667960176427
2024-11-22 12:10:02,0.195,0.20330729956414806,0.18669270043585195,0,4.017167043732308
2024-11-22 12:20:03,0.175,0.18319016189276685,0.1667687120202677,1,3.8304743432964563
2024-11-22 12:30:03,0.18,0.18817119746460356,0.17178582018172298,1,3.8468957931689554
2024-11-22 12:40:03,0.205,0.2131504772253626,0.19679712129615648,1,3.863281170451836
2024-11-22 12:50:03,0.21,0.21815891912178736,0.20184108087821262,0,4.0764316476771985
2024-11-22 13:00:03,0.21,0.21814081625980136,0.20185918374019862,0,4.092749485920773
2024-11-22 13:10:03,0.215,0.2231514118886893,0.20690477953544778,-1,4.3108903021805745
2024-11-22 13:20:03,0.215,0.2231335623480833,0.20692262701632602,-1,4.327136934533816
2024-11-22 13:30:03,0.215,0.22311583680194305,0.20694035050273843,-1,4.343347869865573
2024-11-22 13:40:03,0.215,0.2230982331659908,0.20695795207896284,-1,4.359523356164778
2024-11-22 13:50:03,0.215,0.2230807493868111,0.20697543379841477,-1,4.375663637251806
2024-11-22 14:00:03,0.23,0.23809857284786362,0.22202514755345076,-2,4.598744386638617
2024-11-22 14:10:03,0.23,0.23808132145191843,0.22204239441352472,-2,4.61481781193303
2024-11-22 14:20:03,0.23,0.2380641839309693,0.22205952739860263,-2,4.630856738971423
2024-11-22 14:30:03,0.23,0.23804715834844803,0.2220765484452526,-2,4.64686139550379
2024-11-22 14:40:03,0.23,0.23803024279543203,0.22209345946239736,-2,4.662832005406986
2024-11-22 14:50:03,0.23,0.23801343539005443,0.22211026233190373,-2,4.678768788740021
2024-11-22 15:00:03,0.23,0.23799673427691884,0.2221269589091681,-2,4.694671961798171
2024-11-22 15:10:03,0.23,0.23798013762653183,0.22214355102368386,-2,4.694671961798171
2024-11-22 15:20:03,0.23,0.2379636436347531,0.22216004047959134,-2,4.71050854840102
2024-11-22 15:30:03,0.235,0.24294960329945003,0.22717784072254665,-2,4.726312151556182
2024-11-22 15:40:03,0.215,0.22289578002850663,0.2071603804997133,-1,4.499134310833635
2024-11-22 15:50:03,0.195,0.20287390108125453,0.18717467919786157,-1,4.5148697103624285
2024-11-22 16:00:03,0.195,0.20285780166940542,0.18719077682792856,-1,4.5148697103624285
2024-11-22 16:10:03,0.2,0.20786844741827637,0.1922324864980861,-2,4.717727512031834
2024-11-22 16:20:03,0.2,0.20785253336521434,0.19224839684891673,-2,4.733363472952024
2024-11-22 16:30:03,0.2,0.2078367100076938,0.19226421650420586,-2,4.7489676094683215
2024-11-22 16:40:03,0.2,0.20782097572592864,0.1922799470837396,-2,4.76454010297181
2024-11-22 16:50:03,0.2,0.20780532892103612,0.19229559018640072,-2,4.780081131613999
2024-11-22 17:00:03,0.195,0.20276312174134328,0.18728544606529832,-1,4.587785541427598
2024-11-22 17:10:03,0.195,0.20274764615259283,0.1873009198722667,-1,4.603263217103643
2024-11-22 17:20:03,0.195,0.2027322533652164,0.18731631087786108,-1,4.618709943383969
2024-11-22 17:30:03,0.195,0.20271694185969652,0.1873316206015989,-1,4.634125885871324
2024-11-22 17:40:03,0.195,0.2027017101353303,0.187346850544183,-1,4.634125885871324
2024-11-22 17:50:03,0.195,0.20268655670983288,0.1873620021878984,-1,4.649480745462471
2024-11-22 18:00:03,0.195,0.20267148011896902,0.1873770769969802,-1,4.664805299984406
2024-11-22 18:10:03,0.195,0.20265647891616087,0.1873920764180063,-1,4.664805299984406
2024-11-22 18:20:03,0.195,0.2026415516721376,0.1874070018802475,-1,4.680069702482561
2024-11-22 18:30:03,0.195,0.20262669697456062,0.18742185479604243,-1,4.69530425227445
2024-11-22 18:40:03,0.195,0.20261191342768878,0.18743663656113216,-1,4.69530425227445
2024-11-22 18:50:03,0.195,0.20259719965202366,0.18745134855501522,-1,4.69530425227445
2024-11-22 19:00:03,0.195,0.20258255428397912,0.1874659921412777,-1,4.710450103371459
2024-11-22 19:10:03,0.195,0.20256797597555312,0.18748056866792165,-1,4.72556666551416
2024-11-22 19:20:03,0.195,0.20255346339399966,0.18749507946769306,-1,4.740654072821791
2024-11-22 19:30:03,0.195,0.2025390152215226,0.187509525858388,-1,4.755712456748098
2024-11-22 19:40:03,0.195,0.2025246301549566,0.18752390914317196,-1,4.770741946111232
2024-11-22 19:50:03,0.195,0.20251030690547858,0.1875382306108679,-1,4.785742667123017
2024-11-22 20:00:03,0.195,0.20256236871844052,0.18748616701612392,-1,4.800714743417628
2024-11-22 20:10:03,0.195,0.2024818400180251,0.18756669393475728,-1,4.815790945119944
2024-11-22 20:20:03,0.195,0.20246769463278155,0.18758083753821872,-1,4.830706091203212
2024-11-22 20:30:03,0.195,0.20245360604675983,0.1875949243424584,-1,4.845592948297775
2024-11-22 20:40:03,0.195,0.20243957303849608,0.18760895556894008,-1,4.860451630002077
2024-11-22 20:50:03,0.195,0.20242559439916588,0.18762293242648823,-1,4.875282247471632
2024-11-22 21:00:03,0.195,0.20241166893234028,0.18763685611153177,-1,4.89008490944431
2024-11-22 21:10:03,0.195,0.20239779545371966,0.18765072780837028,-1,4.904859722265119
2024-11-22 21:20:03,0.195,0.2023839727908811,0.18766454868942678,-1,4.904859722265119
2024-11-22 21:30:03,0.195,0.2023701997830409,0.18767831991548492,-1,4.919579146366573
2024-11-22 21:40:03,0.195,0.2023564752808041,0.18769204263593967,-1,4.9342710262341285
2024-11-22 21:50:03,0.195,0.20234279814593606,0.18770571798902566,-1,4.948935458878993
2024-11-22 22:00:03,0.195,0.20232916725112515,0.1877193471020545,-1,4.963572539035903
2024-11-22 22:10:03,0.195,0.20231558147975434,0.1877329310916432,-1,4.9781823591849745
2024-11-22 22:20:03,0.195,0.20230203972568844,0.18774647106392706,-1,4.992765009573086
2024-11-22 22:30:03,0.195,0.20228854089304105,0.1877599681147924,-1,5.007320578234847
2024-11-22 22:40:03,0.195,0.2022750838959684,0.18777342333008298,-1,5.021849151013095
2024-11-22 22:50:03,0.195,0.20226166765845877,0.18778683778581057,-1,5.036350811578981
2024-11-22 23:00:03,0.195,0.20224829184560836,0.18780021181687886,-1,5.050825641451628
2024-11-22 23:10:03,0.195,0.20223495393092147,0.1878135479497837,-1,5.065273721480358
2024-11-22 23:20:03,0.195,0.20222165360477154,0.18782684649415157,-1,5.079695127461496
2024-11-22 23:30:03,0.195,0.20220838982843878,0.18784010848870228,-1,5.094089934572116
2024-11-22 23:40:03,0.195,0.20219516157204195,0.18785333496331705,-1,5.094089934572116
2024-11-22 23:50:03,0.195,0.2021819678143497,0.1878665269392272,-1,5.1084317611808405
2024-11-23 00:00:04,0.195,0.20216889006277344,0.18787960290605177,-1,5.1227472020559635
2024-11-23 00:10:03,0.195,0.20215567975228108,0.1878928114377317,-1,5.137036489212685
2024-11-23 00:20:02,0.195,0.20220518942186821,0.18784329998933214,-1,5.137036489212685
2024-11-23 00:30:03,0.195,0.2021295176383972,0.18791896998805147,-1,5.137036489212685
2024-11-23 00:40:03,0.195,0.20211648134567356,0.187932004498993,-1,5.1512470368630305
2024-11-23 00:50:03,0.195,0.20210347359575997,0.18794501046712453,-1,5.165431513709711
2024-11-23 01:00:03,0.195,0.20209049342296914,0.1879579888581333,-1,5.179589976838347
2024-11-23 01:10:03,0.195,0.202077539868882,0.1879709406304384,-1,5.193722481403183
2024-11-23 01:20:03,0.195,0.20206461198217254,0.1879838667353658,-1,5.207829080641627
2024-11-23 01:30:03,0.195,0.2020517088184658,0.1879967681172905,-1,5.221909825888433
2024-11-23 01:40:03,0.195,0.2020388294401716,0.18800964571380258,-1,5.221909825888433
2024-11-23 01:50:03,0.195,0.20202597291633817,0.18802250045585395,-1,5.235939009614802
2024-11-23 02:00:03,0.195,0.20201313832250123,0.18803533326790883,-1,5.249942482075287
2024-11-23 02:10:03,0.195,0.20200032474053542,0.1880481450680926,-1,5.26392028712988
2024-11-23 02:20:03,0.195,0.20198753125851465,0.1880609367683313,-1,5.2778724668023225
2024-11-23 02:30:03,0.195,0.2019747569705678,0.18807370927449604,-1,5.291799061292505
2024-11-23 02:40:03,0.195,0.20196200097673914,0.18808646348654265,-1,5.305700108988577
2024-11-23 02:50:03,0.195,0.2019492623828485,0.18809920029865124,-1,5.319575646478774
2024-11-23 03:00:04,0.195,0.20193662013441202,0.18811184076233603,-1,5.333425708562972
2024-11-23 03:10:03,0.195,0.20192383384625076,0.18812462527168486,-1,5.347250487935048
2024-11-23 03:20:03,0.195,0.2019111421428678,0.18813731519328572,-1,5.361049696509613
2024-11-23 03:30:03,0.195,0.20189846431781824,0.1881499912365532,-1,5.361049696509613
2024-11-23 03:40:03,0.195,0.2018857995038301,0.1881626542687593,-1,5.3747981695908775
2024-11-23 03:50:03,0.195,0.20187314683862834,0.188175305152179,-1,5.388521314825948
2024-11-23 04:00:03,0.195,0.20186050546481307,0.18818794474421222,-1,5.402219156512397
2024-11-23 04:10:03,0.195,0.20184787452974615,0.18820057389749703,-1,5.415891717232999
2024-11-23 04:20:03,0.195,0.20183525318542062,0.1882131934600405,-1,5.415891717232999
2024-11-23 04:30:03,0.195,0.20182264058834948,0.1882258042753296,-1,5.429513776958379
2024-11-23 04:40:03,0.195,0.20181003589944835,0.18823840718244866,-1,5.429513776958379
2024-11-23 04:50:03,0.195,0.20179743897053715,0.1882510023295778,-1,5.443085405675379
2024-11-23 05:00:03,0.195,0.20178484759196344,0.18826359192636946,-1,5.443085405675379
2024-11-23 05:10:03,0.195,0.20177226162967032,0.18827617610688047,-1,5.456606661340973
2024-11-23 05:20:04,0.195,0.2017597580497219,0.1882886779020772,-1,5.456606661340973
2024-11-23 05:30:03,0.195,0.20174710266741153,0.18830133150557515,-1,5.470077741488617
2024-11-23 05:40:03,0.195,0.20179385034208686,0.18825458204911777,-1,5.483523512650454
2024-11-23 05:50:03,0.195,0.2017219548730452,0.18832647573637737,-1,5.483523512650454
2024-11-23 06:00:03,0.195,0.2017093837344572,0.18833904509318325,-1,5.496918991787122
2024-11-23 06:10:03,0.195,0.20169681313225044,0.18835161391360797,-1,5.510289330428395
2024-11-23 06:20:03,0.195,0.20168424226539414,0.1883641829986822,-1,5.523634529647038
2024-11-23 06:30:03,0.195,0.2016716703360999,0.1883767531461944,-1,5.5369545889137495
2024-11-23 06:40:03,0.195,0.2016590965497129,0.18838932515079934,-1,5.550249506103655
2024-11-23 06:50:03,0.195,0.20164652011463877,0.18840189980409136,-1,5.563519277502568
2024-11-23 07:00:03,0.195,0.20163394024222375,0.18841447789472432,-1,5.563519277502568
2024-11-23 07:10:03,0.195,0.20162135614667928,0.18842706020848674,-1,5.576738739850067
2024-11-23 07:20:03,0.195,0.20160876771646088,0.18843964685692308,-1,5.58993303578826
2024-11-23 07:30:03,0.195,0.20159617282268877,0.18845223996891314,-1,5.58993303578826
2024-11-23 07:40:03,0.195,0.2015835713647116,0.18846483964510818,-1,5.58993303578826
2024-11-23 07:50:03,0.195,0.20157096256726756,0.18847744666077018,-1,5.603051767507863
2024-11-23 08:00:03,0.195,0.20155834565750272,0.18849006178875297,-1,5.616145283414361
2024-11-23 08:10:03,0.195,0.2015457198648871,0.18850268579958654,-1,5.629213567283111
2024-11-23 08:20:03,0.195,0.20153308442113682,0.18851531946155475,-1,5.642256601348412
2024-11-23 08:30:03,0.195,0.20152043856011212,0.18852796354079734,-1,5.655274366307994
2024-11-23 08:40:03,0.195,0.20150778151775084,0.18854061880137657,-1,5.668266841327309
2024-11-23 08:50:03,0.195,0.2014951125319794,0.18855328600536594,-1,5.6812340040436835
2024-11-23 09:00:03,0.195,0.20148243084262887,0.18856596591293442,-1,5.694175830570297
2024-11-23 09:10:03,0.195,0.20146973569136364,0.1885786592824176,-1,5.694175830570297
2024-11-23 09:20:03,0.195,0.20145702632158616,0.18859136687041303,-1,5.694175830570297
2024-11-23 09:30:03,0.195,0.20144430197837918,0.1886040894318379,-1,5.707041490021471
2024-11-23 09:40:03,0.195,0.2014315619084105,0.18861682772002453,-1,5.719881702568013
2024-11-23 09:50:03,0.195,0.20141880535986387,0.1886295824867891,-1,5.732696436756399
2024-11-23 10:00:04,0.195,0.20140610528095487,0.18864228078094641,-1,5.745485659629473
2024-11-23 10:10:03,0.195,0.2013932398268979,0.18865514445619094,-1,5.758249484129482
2024-11-23 10:20:03,0.195,0.20138042934574332,0.18866795315556342,-1,5.770987579500189
2024-11-23 10:30:03,0.195,0.20136759939239177,0.18868078132713292,-1,5.770987579500189
2024-11-23 10:40:03,0.195,0.20135474922147809,0.18869362971626455,-1,5.7836743975654485
2024-11-23 10:50:03,0.195,0.2013418780887117,0.18870649906724887,-1,5.7836743975654485
2024-11-23 11:00:03,0.195,0.2013289852508011,0.18871939012337743,-1,5.796309776586911
2024-11-23 11:10:03,0.195,0.2013160699653805,0.1887323036270159,-1,5.808919371714335
2024-11-23 11:20:03,0.195,0.20130313149094792,0.18874524031966644,-1,5.8215031380527
2024-11-23 11:30:03,0.195,0.2012901690867873,0.188758200942045,-1,5.8215031380527
2024-11-23 11:40:03,0.195,0.20127718201290634,0.1887711862341439,-1,5.834035106197442
2024-11-23 11:50:03,0.195,0.20126416952997012,0.18878419693529808,-1,5.846541101976205
2024-11-23 12:00:03,0.195,0.201251130899221,0.18879723378426508,-1,5.859021074570876
2024-11-23 12:10:03,0.195,0.201238066029859,0.18881029687184503,-1,5.871474971685832
2024-11-23 12:20:03,0.195,0.20122497288404712,0.18882338823587486,-1,5.883902740843846
2024-11-23 12:30:03,0.195,0.20121185137706987,0.18883650796107004,-1,5.883902740843846
2024-11-23 12:40:03,0.195,0.20119870077185975,0.1888496567844981,-1,5.896278084259846
2024-11-23 12:50:03,0.195,0.2011855203316093,0.1888628354429665,-1,5.908627128247208
2024-11-23 13:00:03,0.195,0.20117230931969987,0.18887604467309382,-1,5.9209498131358504
2024-11-23 13:10:03,0.195,0.2011590669996552,0.18888928521135645,-1,5.9209498131358504
2024-11-23 13:20:03,0.195,0.2011457926350569,0.18890255779417267,-1,5.933219594924149
2024-11-23 13:30:03,0.195,0.2011324854895002,0.18891586315794734,-1,5.945462829765034
2024-11-23 13:40:03,0.195,0.20111914482652268,0.1889292020391428,-1,5.957679452096587
2024-11-23 13:50:03,0.195,0.20110576990954465,0.1889425751743387,-1,5.9698693948839665
2024-11-23 14:00:04,0.195,0.2010924300725519,0.18895591322657979,-1,5.982032589619172
2024-11-23 14:10:03,0.195,0.20107891436633457,0.18896942715398468,-1,5.994169106465145
2024-11-23 14:20:03,0.195,0.20106543226581408,0.18898290747272312,-1,6.006278593677495
2024-11-23 14:30:03,0.195,0.20105191296260755,0.1889964249941476,-1,6.018361118470586
2024-11-23 14:40:03,0.195,0.20103835571864442,0.1890099804563286,-1,6.018361118470586
2024-11-23 14:50:03,0.195,0.2010247597953882,0.18902357459780278,-1,6.018361118470586
2024-11-23 15:00:03,0.195,0.20101112445376534,0.18903720815764358,-1,6.030362303668171
2024-11-23 15:10:03,0.195,0.20099744895410968,0.1890508818755172,-1,6.042336219964292
2024-11-23 15:20:03,0.195,0.20098373255610705,0.18906459649173776,-1,6.042336219964292
2024-11-23 15:30:03,0.195,0.20096997451873522,0.18907835274732748,-1,6.054255356028661
2024-11-23 15:40:03,0.195,0.2009561741002107,0.18909215138406996,-1,6.066146977800069
2024-11-23 15:50:03,0.195,0.2009423305579331,0.1891059931445655,-1,6.078011000516209
2024-11-23 16:00:02,0.195,0.2009834054149692,0.18906491650871696,-1,6.089847337929577
2024-11-23 16:10:03,0.195,0.20091451112726233,0.18913380901167215,-1,6.089847337929577
2024-11-23 16:20:03,0.195,0.20090053374906022,0.1891477846080922,-1,6.101628040045168
2024-11-23 16:30:03,0.195,0.2008865102673717,0.18916180630799861,-1,6.113380789186135
2024-11-23 16:40:03,0.195,0.20087243993465737,0.1891758748589309,-1,6.125105493145509
2024-11-23 16:50:03,0.195,0.20085832200222778,0.18918999100957842,-1,6.136802058221235
2024-11-23 17:00:03,0.195,0.20084415572018366,0.1892041555098405,-1,6.148470389213885
2024-11-23 17:10:03,0.195,0.20082994033736695,0.18921836911087514,-1,6.1601103894242275
2024-11-23 17:20:03,0.195,0.200815675101303,0.189232632565157,-1,6.171721960650719
2024-11-23 17:30:03,0.195,0.20080135925814752,0.1892469466265304,-1,6.183305003186865
2024-11-23 17:40:03,0.195,0.20078699205263956,0.18926131205025631,-1,6.194859415818482
2024-11-23 17:50:03,0.195,0.20077257272803298,0.18927572959308084,-1,6.206385095820866
2024-11-23 18:00:03,0.195,0.2007581005260674,0.18929020001326435,-1,6.217881938955818
2024-11-23 18:10:03,0.195,0.20074357468688603,0.18930472407066362,-1,6.229349839468621
2024-11-23 18:20:03,0.195,0.20072899444901351,0.18931930252675408,-1,6.240788690084843
2024-11-23 18:30:03,0.195,0.20071435904927593,0.1893339361447096,-1,6.252198382007102
2024-11-23 18:40:03,0.195,0.20069966772276746,0.18934862568943603,-1,6.263578804911669
2024-11-23 18:50:03,0.195,0.2006849197027926,0.18936337192762884,-1,6.274929846945
2024-11-23 19:00:03,0.195,0.20067011422081285,0.18937817562782647,-1,6.286251394720164
2024-11-23 19:10:03,0.195,0.20065525050639352,0.18939303756046375,-1,6.2975433333131505
2024-11-23 19:20:03,0.195,0.20064032778715915,0.18940795849791606,-1,6.30880554625908
2024-11-23 19:30:03,0.195,0.20062534528873574,0.1894229392145574,-1,6.3200379155483235
2024-11-23 19:40:03,0.195,0.20061030223470194,0.18943798048680915,-1,6.331240321622502
2024-11-23 19:50:03,0.195,0.20059519784653793,0.18945308309319112,-1,6.342412643370396
2024-11-23 20:00:03,0.195,0.20058003134356986,0.18946824781437707,-1,6.353554758123742
2024-11-23 20:10:03,0.195,0.2005648019429321,0.18948347543323277,-1,6.3646665416529355
2024-11-23 20:20:03,0.195,0.20054950885950276,0.18949876673488006,-1,6.375747868162636
2024-11-23 20:30:03,0.195,0.2005341513058548,0.18951412250674596,-1,6.386798610287258
2024-11-23 20:40:03,0.195,0.2005187284922183,0.1895295435386004,-1,6.397818639086367
2024-11-23 20:50:03,0.195,0.20050323962640929,0.18954503062262731,-1,6.397818639086367
2024-11-23 21:00:03,0.195,0.2004876839138009,0.18956058455345365,-1,6.40877684809015
2024-11-23 21:10:03,0.195,0.20047206055725894,0.18957620612821355,-1,6.419703947450497
2024-11-23 21:20:03,0.195,0.20045636875709513,0.1895918961465953,-1,6.430599801879542
2024-11-23 21:30:04,0.195,0.20044067024330042,0.18960759287563828,-1,6.441464274490042
2024-11-23 21:40:03,0.195,0.20042477661408972,0.18962348472603655,-1,6.4522973518577045
2024-11-23 21:50:03,0.195,0.20040887465865476,0.18963938489968946,-1,6.463098643745758
2024-11-23 22:00:03,0.195,0.20039290103432217,0.18965535674224,-1,6.463098643745758
2024-11-23 22:10:03,0.195,0.20037685492788224,0.18967140106689787,-1,6.473836188037839
2024-11-23 22:20:03,0.195,0.20036073552328457,0.18968751868971348,-1,6.473836188037839
2024-11-23 22:30:03,0.195,0.2003445420015712,0.18970371042964473,-1,6.48450940487141
2024-11-23 22:40:03,0.195,0.20032827354083016,0.18971997710860372,-1,6.495150236443337
2024-11-23 22:50:03,0.195,0.20031192931615302,0.1897363195514988,-1,6.5057585328755625
2024-11-23 23:00:03,0.195,0.2002955084995772,0.18975273858629257,-1,6.5057585328755625
2024-11-23 23:10:03,0.195,0.20027901026003703,0.1897692350440507,-1,6.516301302788847
2024-11-23 23:20:03,0.195,0.20026243376331926,0.18978580975898635,-1,6.526811078004833
2024-11-23 23:30:03,0.195,0.200245778172012,0.18980246356851155,-1,6.5372877020091655
2024-11-23 23:40:03,0.195,0.20022904264545133,0.18981919731329017,-1,6.547731016612666
2024-11-23 23:50:03,0.195,0.20021222633967,0.18983601183728943,-1,6.5581408619448265
2024-11-24 00:00:03,0.195,0.20024828547835838,0.189799950916819,-1,6.568517076447208
2024-11-24 00:10:03,0.195,0.20017834739392587,0.18986988721946946,-1,6.578965411008747
2024-11-24 00:20:03,0.195,0.20016128426522256,0.18988694856639066,-1,6.589273871183204
2024-11-24 00:30:03,0.195,0.20014413633514253,0.18990409471468864,-1,6.599548206882036
2024-11-24 00:40:03,0.195,0.20012690335479713,0.18992132591325198,-1,6.60978824850249
2024-11-24 00:50:03,0.195,0.20010958445938387,0.18993864302688318,-1,6.619993825944035
2024-11-24 01:00:03,0.195,0.2000921787804523,0.1899560469240327,-1,6.630164767376536
2024-11-24 01:10:03,0.195,0.20007468544585294,0.18997353847684995,-1,6.6403008992329555
2024-11-24 01:20:03,0.195,0.2000571035796929,0.18999111856122794,-1,6.650402046201958
2024-11-24 01:30:03,0.195,0.20003943230227778,0.190008788056861,-1,6.660468031220423
2024-11-24 01:40:03,0.195,0.2000216707300697,0.190026547847287,-1,6.67049867546584
2024-11-24 01:50:03,0.195,0.2000038179756337,0.19004439881994095,-1,6.680493798348623
2024-11-24 02:00:04,0.195,0.19998593041984333,0.1900622845909796,-1,6.690453217504316
2024-11-24 02:10:02,0.195,0.2000202981729149,0.19002791506206523,-1,6.7003768633331795
2024-11-24 02:20:02,0.195,0.2000021349593762,0.19004607649382188,-1,6.71036924644403
2024-11-24 02:30:03,0.195,0.19993147724765453,0.19011673242079186,-1,6.720325304909585
2024-11-24 02:40:03,0.195,0.19991315513061006,0.19013505275605427,-1,6.7301400497364465
2024-11-24 02:50:03,0.195,0.19989473642206604,0.19015346968281618,-1,6.739918152111002
2024-11-24 03:00:03,0.195,0.19992858438143712,0.19011961994166304,-1,6.749659418850253
2024-11-24 03:10:03,0.195,0.1998576049644843,0.19019059757683382,-1,6.759468383290027
2024-11-24 03:20:03,0.195,0.19983889097191052,0.19020930978762554,-1,6.769135390677678
2024-11-24 03:30:03,0.195,0.19982007669729523,0.19022812228045877,-1,6.778764971861963
2024-11-24 03:40:03,0.195,0.19980116120700395,0.190247035988968,-1,6.7883569262788
2024-11-24 03:50:03,0.195,0.19978214356290003,0.1902660518512898,-1,6.797911051496836
2024-11-24 04:00:04,0.195,0.19976307751668548,0.19028511611275267,-1,6.8074271432084466
2024-11-24 04:10:02,0.195,0.19979589835384573,0.19025229349974962,-1,6.816905104612379
2024-11-24 04:20:03,0.195,0.1997244682577078,0.19032372181113588,-1,6.826448709466475
2024-11-24 04:30:03,0.195,0.19970503252509897,0.19034315576196265,-1,6.835849455913047
2024-11-24 04:40:03,0.195,0.19968548987862594,0.19036269662665356,-1,6.835849455913047
2024-11-24 04:50:03,0.185,0.18966304101899145,0.180381412593769,-1,6.84517224916502
2024-11-24 05:00:03,0.185,0.18964328174465975,0.18040117022428817,-1,6.854453877590243
2024-11-24 05:10:03,0.185,0.18962341264307314,0.1804210376820623,-1,6.863695989110615
2024-11-24 05:20:03,0.185,0.1896553904748621,0.18038905820646087,-1,6.8728983640716255
2024-11-24 05:30:03,0.185,0.18958334043649527,0.18046110660101522,-1,6.882164696340027
2024-11-24 05:40:02,0.185,0.18961498615174763,0.1804294592446901,-1,6.891286930175507
2024-11-24 05:50:03,0.185,0.18954281768461873,0.18050162606526682,-1,6.900472457082564
2024-11-24 06:00:03,0.185,0.1895223846347819,0.18052205747129116,-1,6.909513648701917
2024-11-24 06:10:03,0.185,0.18950183579522575,0.18054260466703478,-1,6.918513975865407
2024-11-24 06:20:03,0.185,0.18948117015400906,0.180563268664439,-1,6.927473206993598
2024-11-24 06:30:03,0.185,0.1894603866938493,0.1805840504807863,-1,6.936391108483168
2024-11-24 06:40:03,0.185,0.18943948439206904,0.18060495113875408,-1,6.94526744469623
2024-11-24 06:50:03,0.185,0.18941846222053602,0.18062597166647462,-1,6.954101977949545
2024-11-24 07:00:03,0.185,0.18939731914562072,0.18064711309757744,-1,6.962894468503607
2024-11-24 07:10:03,0.185,0.18937605412812736,0.18066837647125833,-1,6.9716446745516505
2024-11-24 07:20:03,0.185,0.1893546661232493,0.18068976283232385,-1,6.980352352208519
2024-11-24 07:30:03,0.185,0.1893331540805091,0.18071127323125158,-1,6.989017255499445
2024-11-24 07:40:03,0.185,0.18931151694371368,0.18073290872423453,-1,6.9976391363487025
2024-11-24 07:50:03,0.185,0.18928975365088105,0.18075467037325468,-1,7.006217744568182
2024-11-24 08:00:03,0.185,0.18926786313420457,0.18077655924611868,-1,7.014752827845808
2024-11-24 08:10:03,0.185,0.1892458443199795,0.18079857641653127,-1,7.023244131733893
2024-11-24 08:20:03,0.185,0.18922369612856066,0.18082072296413765,-1,7.031691399637341
2024-11-24 08:30:03,0.185,0.18920141747430222,0.18084299997458356,-1,7.040094372801764
2024-11-24 08:40:03,0.18,0.18417761908387761,0.17586494581237197,-1,7.048452790301483
2024-11-24 08:50:03,0.18,0.1841550762740822,0.17588748704685633,-1,7.056765463572988
2024-11-24 09:00:03,0.18,0.18413239970792922,0.17591016203769827,-1,7.065033052800214
2024-11-24 09:10:03,0.18,0.18410958827519794,0.1759329718951185,-1,7.073255290470445
2024-11-24 09:20:03,0.18,0.18408664085938625,0.1759559177356192,-1,7.081431906850524
2024-11-24 09:30:03,0.18,0.18406355633764399,0.1759790006820504,-1,7.089562629974291
2024-11-24 09:40:03,0.18,0.1840403335807237,0.17600222186365966,-1,7.097647185629884
2024-11-24 09:50:03,0.18,0.1840169714529184,0.1760255824161539,-1,7.105685297346948
2024-11-24 10:00:04,0.18,0.18399351406340803,0.17604903822772777,-1,7.113676686383713
2024-11-24 10:10:03,0.18,0.1839698239243734,0.17607272679407687,-1,7.121621162219394
2024-11-24 10:20:03,0.18,0.18394603680849547,0.17609651233464374,-1,7.12951825934969
2024-11-24 10:30:03,0.18,0.1839221057131101,0.17612044185471806,-1,7.137367783823542
2024-11-24 10:40:03,0.18,0.18389802946933662,0.17614451652318056,-1,7.145169447681934
2024-11-24 10:50:03,0.18,0.18387380690148258,0.17616873751572354,-1,7.15292296062809
2024-11-24 11:00:03,0.18,0.18384943682698146,0.17619310601491361,-1,7.160628030013849
2024-11-24 11:10:03,0.18,0.1838249180563325,0.17621762321025158,-1,7.168284360825917
2024-11-24 11:20:03,0.18,0.18380024939304254,0.1762422902982305,-1,7.175891655671998
2024-11-24 11:30:03,0.18,0.1837754296335705,0.1762671084823915,-1,7.18344961476681
2024-11-24 11:40:03,0.18,0.18375045756724925,0.17629207897340168,-1,7.190957935917989
2024-11-24 11:50:03,0.18,0.18372533197624333,0.17631720298909662,-1,7.198416314511837
2024-11-24 12:00:03,0.18,0.18370005163547742,0.17634248175455147,-1,7.205824443498984
2024-11-24 12:10:03,0.18,0.1836746153125697,0.17636791650214814,-1,7.213182013379909
2024-11-24 12:20:03,0.18,0.18364902176778483,0.17639350847162197,-1,7.213182013379909
2024-11-24 12:30:03,0.18,0.18362326975395826,0.17641925891013754,-1,7.220437526676072
2024-11-24 12:40:03,0.18,0.18359735801643362,0.17644516907235114,-1,7.227641537519893
2024-11-24 12:50:03,0.18,0.1835712852930072,0.1764712402204665,-1,7.234793726463976
2024-11-24 13:00:03,0.18,0.18354505031385865,0.176497473624304,-1,7.241893771536517
2024-11-24 13:10:03,0.18,0.18351865180148857,0.1765238705613631,-1,7.248941348226071
2024-11-24 13:20:03,0.18,0.18349208847065607,0.17655043231688455,-1,7.255936129466197
2024-11-24 13:30:03,0.18,0.18346535902830516,0.17657716018392441,-1,7.262877785619969
2024-11-24 13:40:03,0.18,0.18343846217351786,0.17660405546340066,-1,7.269765984464349
2024-11-24 13:50:03,0.18,0.18341139659742745,0.1766311194641801,-1,7.276600391174466
2024-11-24 14:00:04,0.18,0.1833841991908205,0.17665831529285048,-1,7.283380668307713
2024-11-24 14:10:03,0.18,0.18335675342647526,0.17668575948451018,-1,7.290106552205684
2024-11-24 14:20:03,0.18,0.1833291737571438,0.17671333757853064,-1,7.2967775461476485
2024-11-24 14:30:03,0.18,0.1833014200503255,0.1767410897100379,-1,7.303393382326261
2024-11-24 14:40:03,0.18,0.1832734909564717,0.17676901722858065,-1,7.303393382326261
2024-11-24 14:50:03,0.18,0.183245385117699,0.1767971214920423,-1,7.309897856054152
2024-11-24 15:00:03,0.18,0.1832171011677132,0.1768254038667171,-1,7.3163461196798085
2024-11-24 15:10:03,0.18,0.1831886377317556,0.17685386572736367,-1,7.3163461196798085
2024-11-24 15:20:03,0.18,0.18315999342651404,0.17688250845729417,-1,7.3226808916842
2024-11-24 15:30:03,0.18,0.18313116686007141,0.17691133344842574,-1,7.3289583766534205
2024-11-24 15:40:03,0.18,0.18310215663182977,0.1769403421013564,-1,7.335178210065066
2024-11-24 15:50:03,0.18,0.18307296133243892,0.1769695358254362,-1,7.34134002459554
2024-11-24 16:00:03,0.18,0.1830435801248694,0.17699891545769467,-1,7.347443450102542
2024-11-24 16:10:03,0.18,0.18301401041555657,0.17702848359169646,-1,7.353488114769717
2024-11-24 16:20:03,0.18,0.1829842513538652,0.17705824107807683,-1,7.359473641593577
2024-11-24 16:30:03,0.18,0.18295430149473743,0.17708818936189355,-1,7.365399651869365
2024-11-24 16:40:03,0.18,0.18292415938400391,0.17711832989731602,-1,7.371265764002208
2024-11-24 16:50:03,0.18,0.18289382355832545,0.1771486641476835,-1,7.377071593488896
2024-11-24 17:00:03,0.18,0.18286329254510394,0.17717919358559395,-1,7.382816752899538
2024-11-24 17:10:03,0.18,0.18283256486242638,0.17720991969296046,-1,7.388500851859049
2024-11-24 17:20:03,0.18,0.18280163901897575,0.17724084396110004,-1,7.394123497028515
2024-11-24 17:30:03,0.18,0.18277051351396387,0.17727196789080094,-1,7.39968429208639
2024-11-24 17:40:03,0.18,0.1827391868370643,0.17730329299238945,-1,7.405182837709553
2024-11-24 17:50:03,0.18,0.1827076574683233,0.1773348207858194,-1,7.410618731554228
2024-11-24 18:00:04,0.18,0.18267595447487556,0.1773665222013306,-1,7.415991568236732
2024-11-24 18:10:03,0.18,0.18264398452695804,0.17739849057656262,-1,7.421301000510278
2024-11-24 18:20:03,0.18,0.18261183786565013,0.17743063566255948,-1,7.426546494460673
2024-11-24 18:30:03,0.18,0.18257948233498153,0.17746298961791704,-1,7.431727696663764
2024-11-24 18:40:03,0.18,0.18254691636576006,0.17749555401182746,-1,7.436844189380829
2024-11-24 18:50:03,0.18,0.18251413837871705,0.17752833042355948,-1,7.4418955517347625
2024-11-24 19:00:02,0.18,0.18253140420684266,0.17751106302274833,-1,7.44688135968992
2024-11-24 19:10:03,0.18,0.18244793998322897,0.17759452566842546,-1,7.451901700874014
2024-11-24 19:20:03,0.18,0.18241451636514946,0.17762794771119397,-1,7.456755115188818
2024-11-24 19:30:03,0.18,0.18238087430981845,0.17766158819121394,-1,7.461541683842773
2024-11-24 19:40:03,0.18,0.18234701218639646,0.17769544873932488,-1,7.461541683842773
2024-11-24 19:50:03,0.18,0.1823129283534849,0.1777295309969254,-1,7.466193247289845
2024-11-24 20:00:03,0.18,0.18227862115905677,0.17776383661604253,-1,7.470776644646405
2024-11-24 20:10:02,0.18,0.18229424895129165,0.17774820725112211,-1,7.475291429189419
2024-11-24 20:20:03,0.18,0.18220933002386477,0.17783312460061243,-1,7.479837470889588
2024-11-24 20:30:03,0.18,0.1821743427251296,0.17786811032403654,-1,7.48421367631284
2024-11-24 20:40:03,0.18,0.18213912534877433,0.17790332612508084,-1,7.488519908713934
2024-11-24 20:50:03,0.18,0.1821036761883628,0.17793877371018132,-1,7.4927557079376275
2024-11-24 21:00:03,0.18,0.18206799352632982,0.17797445479690324,-1,7.496920610415809
2024-11-24 21:10:03,0.18,0.18203207563389395,0.17801037111402807,-1,7.501014149145235
2024-11-24 21:20:03,0.18,0.18199592077097254,0.17804652440163848,-1,7.505035853665102
2024-11-24 21:30:03,0.18,0.1820096051975619,0.17803283839973807,-1,7.508985250034436
2024-11-24 21:40:02,0.18,0.181972935015811,0.17806950700880345,-1,7.508985250034436
2024-11-24 21:50:03,0.18,0.1818860162198906,0.17815642422678735,-1,7.512888678041443
2024-11-24 22:00:03,0.18,0.18184889584927494,0.17819354302209195,-1,7.516618270034546
2024-11-24 22:10:03,0.18,0.18181152963522082,0.17823090766083502,-1,7.52027362286173
2024-11-24 22:20:03,0.18,0.18177391576802676,0.17826851995271803,-1,7.523854244836116
2024-11-24 22:30:03,0.18,0.18173605242608398,0.17830638171934982,-1,7.527359640651424
2024-11-24 22:40:03,0.18,0.18169793777578014,0.1783444947943426,-1,7.530789311358158
2024-11-24 22:50:03,0.18,0.18165956997142108,0.17838286102339063,-1,7.534142754339596
2024-11-24 23:00:03,0.185,0.18662233091839567,0.18342194351880411,-1,7.537419463287627
2024-11-24 23:10:03,0.185,0.18658345116862832,0.183460821624759,-1,7.540619850687218
2024-11-24 23:20:03,0.185,0.18654431265425273,0.1834999584953221,-1,7.543742480231088
2024-11-24 23:30:03,0.18,0.18150352987115276,0.1785388948224148,-1,7.5467868343900175
2024-11-24 23:40:03,0.175,0.1764624929793879,0.17357809653608872,-1,7.549751469438755
2024-11-24 23:50:03,0.175,0.17642256685350877,0.17361802115474456,-1,7.5526358658820545
2024-11-25 00:00:03,0.175,0.1763823743074665,0.17365821219356353,-1,7.555440411580818
2024-11-25 00:10:03,0.175,0.1763419133955294,0.1736986715982774,-1,7.558164573694721
2024-11-25 00:20:03,0.175,0.17630118215904014,0.17373940132754337,-1,7.560807815491973
2024-11-25 00:30:03,0.175,0.17626017862631535,0.17378040335304487,-1,7.56336959632347
2024-11-25 00:40:03,0.175,0.17621890081256025,0.17382167965957668,-1,7.565849371596741
2024-11-25 00:50:03,0.175,0.17617734671975474,0.1738632322451589,-1,7.568246592749724
2024-11-25 01:00:03,0.175,0.1761355143365703,0.17390506312112006,-1,7.57056070722432
2024-11-25 01:10:03,0.175,0.17609340163826492,0.17394717431220214,-1,7.57279115843977
2024-11-25 01:20:03,0.175,0.1760510065865846,0.17398956785665923,-1,7.574937385765833
2024-11-25 01:30:03,0.175,0.17600832712966008,0.17403224580636045,-1,7.5769988244957585
2024-11-25 01:40:03,0.175,0.17596536120191533,0.1740752102268819,-1,7.578974905819058
2024-11-25 01:50:03,0.175,0.1759221067239599,0.17411846319761407,-1,7.5808650567940905
2024-11-25 02:00:03,0.175,0.17592831908243745,0.17411224933191322,-1,7.582668700320436
2024-11-25 02:10:03,0.175,0.1758347237341145,0.17420584317301288,-1,7.584484770070961
2024-11-25 02:20:03,0.175,0.1757905915610826,0.1742499738388215,-1,7.586113650632062
2024-11-25 02:30:03,0.175,0.17574616180441555,0.17429440208826524,-1,7.587654268354323
2024-11-25 02:40:03,0.175,0.17570143288982507,0.1743391294956325,-1,7.589106028070473
2024-11-25 02:50:03,0.175,0.175656402652879,0.17438415822535527,-1,7.590468331464666
2024-11-25 03:00:03,0.175,0.17561106891460504,0.17442949045640593,-1,7.59174057589219
2024-11-25 03:10:03,0.175,0.17556542948138742,0.17447512838240026,-1,7.592922154350388
2024-11-25 03:20:03,0.175,0.17551948214485047,0.17452107421171392,-1,7.594012455449375
2024-11-25 03:30:03,0.175,0.1754732246817666,0.1745673301675745,-1,7.595010863382512
2024-11-25 03:40:03,0.175,0.17542665485392644,0.17461389848819137,-1,7.595916757896704
2024-11-25 03:50:03,0.175,0.1753797704080514,0.1746607814268432,-1,7.59672951426244
2024-11-25 04:00:03,0.175,0.17538220376528665,0.17465834656238463,-1,7.597448503243648
2024-11-25 04:10:03,0.175,0.1752850485769368,0.1747555002435112,-1,7.598172360446549
2024-11-25 04:20:03,0.175,0.1752372066047698,0.1748033407084549,-1,7.598701908779975
2024-11-25 04:30:03,0.175,0.17518904084841988,0.17485150495758153,-1,7.59913577467629
2024-11-25 04:40:03,0.175,0.17514054897754008,0.17489999532123804,-1,7.599473310567128
2024-11-25 04:47:03,0.175,0.17514108489316516,0.1748994583505567,-1,7.59971386422343
