time,price
1717606802,0.5
1717610403,0.53
1717614002,0.28
1717617603,0.275
1717621203,0.22
1717624802,0.175
1717628402,0.175
1717632003,0.175
1717635602,0.17
1717639202,0.175
1717642802,0.175
1717646402,0.175
1717650003,0.175
1717653602,0.175
1717657202,0.175
1717660802,0.17
1717664402,0.17
1717668003,0.17
1717671602,0.17
1717675203,0.17
1717678802,0.17
1717682402,0.17
1717686002,0.17
1717689603,0.17
1717693202,0.17
1717696802,0.17
1717700403,0.17
1717704002,0.17
1717707602,0.17
1717711203,0.17
1717714803,0.17
1717718402,0.17
1717722002,0.17
1717725602,0.17
1717729203,0.17
1717732802,0.17
1717736402,0.17
1717740002,0.17
1717743602,0.17
1717747202,0.17
1717750803,0.17
1717754402,0.17
1717758003,0.17
1717761603,0.155
1717765202,0.155
1717768802,0.155
1717772403,0.155
1717776002,0.155
1717779602,0.155
1717783202,0.155
1717786802,0.155
1717790402,0.155
1717794003,0.13
1717797603,0.13
1717801203,0.13
1717804802,0.13
1717808403,0.13
1717812003,0.13
1717815603,0.13
1717819203,0.13
1717822803,0.13
1717826403,0.125
1717830002,0.125
1717833603,0.125
1717837202,0.12
1717840803,0.12
1717844403,0.125
1717848002,0.125
1717851602,0.125
1717855202,0.125
1717858802,0.125
1717862403,0.125
1717866003,0.125
1717869602,0.125
1717873203,0.125
1717876802,0.125
1717880403,0.125
1717884004,0.125
1717887602,0.125
1717891203,0.125
1717894802,0.125
1717898403,0.125
1717902003,0.125
1717905602,0.125
1717909203,0.125
1717912803,0.125
1717916404,0.125
1717920004,0.125
1717923602,0.125
1717927202,0.125
1717930803,0.125
1717934403,0.125
1717938003,0.125
1717941603,0.125
1717945204,0.125
1717948803,0.125
1717952403,0.125
1717956003,0.125
1717959603,0.125
1717963203,0.125
1717966803,0.125
1717970402,0.125
1717974004,0.125
1717977604,0.125
1717981204,0.125
1717984803,0.125
1717988404,0.125
1717992003,0.125
1717995603,0.125
1717999202,0.125
1718002802,0.125
1718006403,0.125
1718010004,0.125
1718013602,0.125
1718017203,0.125
1718020803,0.125
1718024403,0.125
1718028003,0.125
1718031603,0.125
1718035204,0.125
1718038804,0.135
1718042403,0.135
1718046004,0.135
1718049604,0.135
1718053203,0.135
1718056804,0.135
1718060403,0.135
1718064002,0.135
1718067604,0.135
1718071204,0.135
1718074803,0.135
1718078404,0.135
1718082004,0.135
1718085603,0.135
1718089203,0.135
1718092804,0.135
1718096404,0.135
1718100003,0.135
1718103603,0.135
1718107203,0.135
1718110804,0.135
1718114403,0.135
1718118003,0.135
1718121603,0.135
1718125203,0.135
1718128804,0.135
1718132403,0.135
1718136003,0.135
1718139604,0.135
1718143204,0.135
1718146803,0.135
1718150403,0.135
1718154003,0.135
1718157603,0.135
1718161203,0.135
1718164803,0.135
1718168402,0.135
1718172004,0.135
1718175602,0.135
1718179203,0.135
1718182803,0.135
1718186404,0.135
1718190004,0.135
1718193604,0.135
1718197203,0.13
1718200803,0.125
1718204403,0.125
1718208003,0.125
1718211603,0.125
1718215204,0.125
1718218803,0.125
1718222403,0.125
1718226003,0.125
1718229603,0.125
1718233203,0.125
1718236803,0.125
1718240403,0.125
1718244003,0.125
1718247603,0.125
1718251204,0.125
1718254803,0.125
1718258402,0.125
1718262003,0.125
1718265603,0.125
1718269202,0.125
1718272803,0.125
1718276403,0.125
1718280003,0.115
1718283604,0.115
1718287203,0.115
1718290803,0.115
1718294404,0.115
1718298003,0.115
1718301602,0.115
1718305203,0.115
1718308803,0.115
1718312403,0.115
1718316003,0.115
1718319604,0.115
1718323203,0.115
1718326802,0.115
1718330403,0.115
1718334003,0.115
1718337603,0.115
1718341203,0.115
1718344803,0.115
1718348403,0.115
1718352004,0.115
1718355603,0.115
1718359203,0.115
1718362803,0.115
1718366403,0.115
1718370004,0.115
1718373603,0.115
1718377204,0.115
1718380803,0.115
1718384403,0.115
1718388003,0.115
1718391603,0.115
1718395203,0.115
1718398803,0.115
1718402403,0.115
1718406003,0.115
1718409604,0.115
1718413204,0.115
1718416803,0.115
1718420404,0.115
1718424003,0.115
1718427604,0.115
1718431203,0.115
1718434804,0.115
1718438404,0.115
1718442004,0.115
1718445604,0.115
1718449204,0.115
1718452803,0.115
1718456404,0.115
1718460004,0.115
1718463604,0.115
1718467203,0.115
1718470803,0.115
1718474404,0.115
1718478004,0.115
1718481604,0.115
1718485204,0.115
1718488803,0.115
1718492404,0.115
1718496004,0.115
1718499603,0.115
1718503203,0.115
1718506804,0.115
1718510403,0.115
1718514004,0.115
1718517603,0.115
1718521204,0.115
1718524804,0.115
1718528404,0.115
1718532004,0.115
1718535604,0.115
1718539203,0.115
1718542803,0.115
1718546403,0.115
1718550003,0.115
1718553604,0.115
1718557203,0.115
1718560803,0.115
1718564403,0.115
1718568003,0.115
1718571603,0.115
1718575203,0.115
1718578804,0.115
1718582404,0.115
1718586004,0.115
1718589603,0.115
1718593203,0.115
1718596804,0.115
1718600404,0.115
1718604003,0.115
1718607604,0.115
1718611204,0.115
1718614804,0.115
1718618403,0.115
1718622003,0.115
1718625603,0.115
1718629203,0.115
1718632803,0.115
1718636403,0.115
1718640003,0.115
1718643603,0.115
1718647203,0.115
1718650804,0.115
1718654403,0.115
1718658003,0.115
1718661603,0.115
1718665203,0.115
1718668803,0.115
1718672403,0.115
1718676003,0.115
1718679603,0.115
1718683203,0.115
1718686803,0.115
1718690402,0.115
1718694004,0.115
1718697604,0.115
1718701203,0.115
1718704803,0.115
1718708404,0.115
1718712003,0.115
1718715602,0.115
1718719202,0.115
1718722803,0.115
1718726402,0.115
1718730003,0.115
1718733604,0.115
1718737203,0.115
1718740803,0.115
1718744402,0.115
1718748003,0.115
1718751604,0.115
1718755203,0.115
1718758802,0.115
1718762404,0.105
1718766003,0.105
1718769603,0.105
1718773204,0.105
1718776803,0.105
1718780403,0.105
1718784003,0.105
1718787604,0.105
1718791203,0.105
1718794803,0.105
1718798403,0.105
1718802004,0.105
1718805603,0.105
1718809203,0.105
1718812804,0.105
1718816403,0.105
1718820003,0.105
1718823604,0.105
1718827203,0.105
1718830803,0.105
1718834403,0.105
1718838004,0.105
1718841604,0.105
1718845203,0.105
1718848804,0.105
1718852404,0.105
1718856004,0.105
1718859604,0.105
1718863204,0.105
1718866803,0.105
1718870403,0.105
1718874003,0.105
1718877603,0.105
1718881203,0.105
1718884803,0.105
1718888403,0.105
1718892003,0.105
1718895603,0.105
1718899203,0.105
1718902803,0.105
1718906403,0.105
1718910003,0.105
1718913603,0.105
1718917203,0.105
1718920803,0.105
1718924403,0.105
1718928003,0.105
1718931603,0.105
1718935203,0.105
1718938803,0.105
1718942403,0.105
1718946003,0.105
1718949603,0.105
1718953203,0.105
1718956803,0.105
1718960403,0.105
1718964003,0.105
1718967604,0.105
1718971203,0.105
1718974803,0.105
1718978403,0.105
1718982003,0.105
1718985603,0.105
1718989203,0.105
1718992803,0.105
1718996403,0.105
1719000003,0.105
1719003603,0.105
1719007203,0.105
1719010803,0.105
1719014402,0.105
1719018003,0.105
1719021602,0.105
1719025203,0.105
1719028803,0.105
1719032403,0.105
1719036003,0.105
1719039603,0.105
1719043203,0.105
1719046803,0.105
1719050403,0.105
1719054003,0.105
1719057603,0.105
1719061203,0.105
1719064803,0.105
1719068404,0.105
1719072002,0.105
1719075603,0.105
1719079203,0.105
1719082803,0.105
1719086403,0.105
1719090003,0.105
1719093603,0.105
1719097203,0.105
1719100803,0.105
1719104403,0.105
1719108003,0.105
1719111603,0.105
1719115203,0.105
1719118803,0.105
1719122403,0.105
1719126003,0.105
1719129603,0.105
1719133203,0.105
1719136803,0.105
1719140403,0.105
1719144003,0.105
1719147603,0.105
1719151203,0.105
1719154803,0.105
1719158403,0.105
1719162003,0.105
1719165603,0.105
1719169203,0.105
1719172803,0.105
1719176403,0.105
1719180003,0.105
1719183603,0.105
1719187203,0.105
1719190803,0.105
1719194403,0.105
1719198003,0.105
1719201603,0.105
1719205203,0.105
1719208802,0.105
1719212403,0.105
1719216003,0.105
1719219603,0.105
1719223203,0.105
1719226803,0.105
1719230403,0.105
1719234003,0.105
1719237603,0.105
1719241203,0.105
1719244803,0.105
1719248402,0.105
1719252003,0.105
1719255603,0.105
1719259203,0.105
1719262803,0.105
1719266403,0.105
1719270003,0.105
1719273603,0.105
1719277203,0.105
1719280803,0.105
1719284403,0.105
1719288002,0.105
1719291602,0.105
1719295203,0.105
1719298803,0.105
1719302403,0.105
1719306003,0.105
1719309603,0.105
1719313203,0.105
1719316803,0.105
1719320403,0.105
1719324003,0.105
1719327603,0.105
1719331203,0.105
1719334803,0.105
1719338402,0.105
1719342003,0.105
1719345603,0.105
1719349203,0.105
1719352803,0.105
1719356403,0.105
1719360003,0.105
1719363603,0.105
1719367203,0.105
1719370803,0.105
1719374403,0.105
1719378003,0.105
1719381603,0.105
1719385203,0.105
1719388803,0.105
1719392403,0.105
1719396003,0.105
1719399603,0.105
1719403203,0.105
1719406803,0.105
1719410403,0.105
1719414003,0.105
1719417603,0.105
1719421202,0.105
1719424802,0.105
1719428405,0.105
1719432002,0.105
1719435602,0.105
1719439202,0.105
1719442803,0.105
1719446402,0.105
1719450002,0.105
1719453602,0.105
1719457202,0.105
1719460802,0.105
1719464403,0.105
1719468002,0.105
1719471603,0.105
1719475202,0.105
1719478803,0.105
1719482402,0.105
1719486002,0.105
1719489603,0.105
1719493202,0.105
1719496803,0.105
1719500403,0.105
1719504003,0.105
1719507603,0.105
1719511203,0.105
1719514803,0.105
1719518403,0.105
1719522003,0.105
1719525603,0.105
1719529203,0.105
1719532803,0.105
1719536403,0.105
1719540002,0.105
1719543603,0.105
1719547203,0.105
1719550802,0.105
1719554402,0.105
1719558003,0.105
1719561602,0.105
1719565202,0.105
1719568802,0.105
1719572402,0.105
1719576003,0.105
1719579603,0.105
1719583202,0.105
1719586803,0.105
1719590402,0.105
1719594003,0.105
1719597602,0.105
1719601202,0.105
1719604803,0.105
1719608402,0.105
1719612002,0.105
1719615602,0.105
1719619202,0.105
1719622802,0.105
1719626402,0.105
1719630002,0.105
1719633602,0.105
1719637203,0.105
1719640802,0.105
1719644402,0.105
1719648002,0.105
1719651602,0.105
1719655202,0.105
1719658802,0.105
1719662402,0.105
1719666002,0.105
1719669602,0.105
1719673202,0.105
1719676802,0.105
1719680402,0.105
1719684002,0.105
1719687603,0.105
1719691203,0.105
1719694803,0.105
1719698403,0.105
1719702003,0.105
1719705602,0.105
1719709202,0.105
1719712803,0.105
1719716403,0.105
1719720003,0.105
1719723603,0.105
1719727203,0.105
1719730803,0.105
1719734402,0.105
1719738003,0.105
1719741602,0.11
1719745203,0.11
1719748803,0.11
1719752403,0.11
1719756002,0.11
1719759603,0.105
1719763203,0.105
1719766803,0.105
1719770403,0.105
1719774003,0.105
1719777602,0.105
1719781203,0.105
1719784803,0.105
1719788404,0.105
1719792002,0.105
1719795603,0.105
1719799203,0.105
1719802803,0.105
1719806403,0.105
1719810003,0.105
1719813603,0.105
1719817203,0.11
1719820803,0.105
1719824403,0.105
1719828002,0.105
1719831603,0.105
1719835202,0.105
1719838803,0.105
1719842402,0.105
1719846002,0.105
1719849602,0.105
1719853202,0.105
1719856803,0.105
1719860402,0.105
1719864002,0.105
1719867602,0.11
1719871202,0.11
1719874802,0.11
1719878403,0.11
1719882003,0.11
1719885603,0.11
1719889202,0.11
1719892802,0.11
1719896403,0.11
1719900003,0.11
1719903603,0.11
1719907203,0.11
1719910803,0.11
1719914402,0.11
1719918003,0.11
1719921603,0.11
1719925203,0.11
1719928802,0.11
1719932402,0.11
1719936003,0.11
1719939602,0.11
1719943202,0.11
1719946802,0.11
1719950402,0.11
1719954003,0.11
1719957602,0.11
1719961202,0.11
1719964802,0.11
1719968403,0.11
1719972002,0.11
1719975602,0.11
1719979202,0.11
1719982802,0.11
1719986402,0.11
1719990002,0.11
1719993602,0.11
1719997203,0.11
1720000802,0.11
1720004403,0.11
1720008002,0.11
1720011602,0.11
1720015202,0.11
1720018803,0.11
1720022402,0.11
1720026002,0.11
1720029602,0.11
1720033202,0.11
1720036802,0.11
1720040402,0.11
1720044003,0.11
1720047603,0.11
1720051203,0.11
1720054802,0.11
1720058402,0.11
1720062003,0.11
1720065603,0.11
1720069203,0.095
1720072803,0.095
1720076403,0.095
1720080002,0.095
1720083602,0.095
1720087202,0.095
1720090802,0.095
1720094402,0.095
1720098003,0.095
1720101602,0.095
1720105202,0.095
1720108802,0.095
1720112402,0.095
1720116002,0.095
1720119602,0.095
1720123202,0.095
1720126802,0.095
1720130402,0.095
1720134003,0.095
1720137602,0.095
1720141202,0.095
1720144802,0.095
1720148402,0.095
1720152002,0.095
1720155602,0.095
1720159202,0.09
1720162802,0.085
1720166402,0.085
1720170002,0.085
1720173602,0.085
1720177202,0.085
1720180802,0.09
1720184402,0.09
1720188002,0.09
1720191602,0.09
1720195202,0.09
1720198802,0.09
1720202402,0.09
1720206002,0.09
1720209602,0.095
1720213202,0.095
1720216803,0.095
1720220402,0.095
1720224002,0.095
1720227602,0.095
1720231202,0.095
1720234802,0.095
1720238402,0.095
1720242002,0.095
1720245602,0.095
1720249203,0.095
1720252802,0.095
1720256403,0.095
1720260002,0.095
1720263602,0.095
1720267202,0.095
1720270802,0.095
1720274402,0.095
1720278002,0.095
1720281602,0.1
1720285202,0.1
1720288803,0.1
1720292402,0.1
1720296002,0.1
1720299603,0.1
1720303202,0.1
1720306802,0.1
1720310402,0.1
1720314002,0.1
1720317602,0.1
1720321202,0.1
1720324802,0.1
1720328402,0.1
1720332002,0.1
1720335603,0.1
1720339202,0.1
1720342802,0.1
1720346402,0.1
1720350002,0.1
1720353602,0.1
1720357202,0.1
1720360802,0.105
1720364402,0.105
1720368002,0.1
1720371602,0.105
1720375203,0.105
1720378802,0.105
1720382402,0.095
1720386002,0.09
1720389602,0.09
1720393202,0.09
1720396802,0.09
1720400402,0.09
1720404002,0.09
1720407602,0.09
1720411202,0.09
1720414802,0.09
1720418402,0.09
1720422002,0.09
1720425603,0.09
1720429202,0.09
1720432802,0.09
1720436402,0.09
1720440002,0.09
1720443603,0.09
1720447202,0.09
1720450802,0.09
1720454402,0.09
1720458002,0.09
1720461602,0.09
1720465202,0.09
1720468802,0.09
1720472403,0.09
1720476002,0.09
1720479602,0.095
1720483202,0.095
1720486802,0.095
1720490402,0.095
1720494002,0.095
1720497604,0.095
1720501202,0.095
1720504803,0.095
1720508402,0.095
1720512002,0.095
1720515602,0.095
1720519202,0.1
1720522802,0.1
1720526402,0.1
1720530002,0.1
1720533602,0.1
1720537202,0.1
1720540802,0.1
1720544402,0.1
1720548002,0.1
1720551602,0.1
1720555202,0.1
1720558802,0.095
1720562402,0.095
1720566002,0.095
1720569603,0.095
1720573203,0.095
1720576802,0.095
1720580403,0.095
1720584003,0.095
1720587602,0.095
1720591202,0.095
1720594802,0.1
1720598403,0.1
1720602002,0.1
1720605602,0.1
1720609203,0.1
1720612802,0.1
1720616402,0.1
1720620002,0.1
1720623603,0.105
1720627202,0.105
1720630802,0.105
1720634402,0.105
1720638002,0.105
1720641602,0.105
1720645202,0.105
1720648802,0.105
1720652402,0.105
1720656003,0.105
1720659602,0.105
1720663203,0.105
1720666802,0.105
1720670402,0.105
1720674002,0.105
1720677603,0.105
1720681202,0.105
1720684802,0.105
1720688402,0.105
1720692003,0.105
1720695603,0.105
1720699202,0.105
1720702803,0.105
1720706403,0.105
1720710002,0.105
1720713603,0.1
1720717202,0.1
1720720802,0.105
1720724402,0.105
1720728002,0.105
1720731602,0.105
1720735202,0.105
1720738802,0.105
1720742402,0.105
1720746002,0.105
1720749602,0.105
1720753202,0.105
1720756802,0.105
1720760402,0.105
1720764002,0.105
1720767602,0.105
1720771203,0.105
1720774802,0.105
1720778402,0.105
1720782002,0.105
1720785602,0.105
1720789202,0.105
1720792802,0.105
1720796402,0.105
1720800002,0.105
1720803603,0.105
1720807202,0.105
1720810802,0.105
1720814402,0.105
1720818002,0.11
1720821602,0.105
1720825202,0.105
1720828803,0.11
1720832402,0.11
1720836003,0.11
1720839603,0.11
1720843202,0.11
1720846803,0.11
1720850402,0.11
1720854002,0.11
1720857602,0.11
1720861203,0.11
1720864803,0.11
1720868402,0.11
1720872003,0.11
1720875602,0.11
1720879203,0.11
1720882802,0.115
1720886403,0.105
1720890002,0.105
1720893603,0.105
1720897202,0.105
1720900803,0.105
1720904403,0.105
1720908002,0.105
1720911602,0.105
1720915202,0.105
1720918802,0.105
1720922403,0.105
1720926002,0.105
1720929603,0.105
1720933202,0.105
1720936803,0.105
1720940402,0.105
1720944003,0.105
1720947602,0.105
1720951202,0.105
1720954802,0.105
1720958403,0.105
1720962003,0.105
1720965602,0.105
1720969202,0.105
1720972802,0.105
1720976403,0.105
1720980002,0.105
1720983603,0.105
1720987202,0.105
1720990803,0.105
1720994402,0.105
1720998002,0.105
1721001603,0.105
1721005202,0.105
1721008803,0.105
1721012402,0.095
1721016003,0.095
1721019602,0.085
1721023202,0.09
1721026802,0.1
1721030403,0.105
1721034002,0.085
1721037602,0.085
1721041203,0.13
1721044803,0.125
1721048403,0.1
1721052002,0.1
1721055603,0.095
1721059202,0.095
1721062802,0.095
1721066403,0.095
1721070002,0.095
1721073603,0.105
1721077203,0.105
1721080802,0.115
1721084402,0.12
1721088002,0.125
1721091603,0.11
1721095202,0.11
1721098802,0.125
1721102404,0.125
1721106002,0.175
1721109601,0.17
1721113201,0.17
1721116801,0.175
1721120401,0.12
1721124001,0.12
1721127601,0.12
1721131201,0.12
1721134801,0.125
1721138401,0.145
1721142001,0.135
1721145601,0.135
1721149201,0.14
1721152801,0.14
1721156401,0.14
1721160001,0.14
1721163601,0.14
1721167201,0.14
1721170801,0.14
1721174401,0.125
1721178001,0.125
1721181601,0.125
1721185201,0.125
1721188801,0.125
1721192401,0.125
1721196001,0.125
1721199601,0.125
1721203202,0.125
1721206802,0.125
1721210401,0.125
1721214001,0.125
1721217602,0.115
1721221202,0.115
1721224802,0.115
1721228402,0.115
1721232002,0.12
1721235601,0.12
1721239202,0.12
1721242801,0.12
1721246402,0.12
1721250001,0.095
1721253602,0.095
1721257202,0.095
1721260802,0.095
1721264402,0.095
1721268002,0.095
1721271601,0.095
1721275201,0.105
1721278801,0.11
1721282402,0.11
1721286001,0.105
1721289602,0.105
1721293201,0.12
1721296802,0.12
1721300401,0.12
1721304002,0.12
1721307601,0.12
1721311201,0.12
1721314801,0.125
1721318401,0.125
1721322002,0.115
1721325602,0.115
1721329201,0.115
1721332802,0.115
1721336401,0.115
1721340001,0.115
1721343601,0.115
1721347201,0.115
1721350801,0.115
1721354401,0.115
1721358001,0.115
1721361601,0.115
1721365201,0.115
1721368801,0.115
1721372401,0.115
1721376002,0.095
1721379601,0.095
1721383201,0.095
1721386801,0.11
1721390401,0.11
1721394001,0.11
1721397601,0.11
1721401201,0.105
1721404801,0.11
1721408401,0.115
1721412001,0.115
1721415601,0.12
1721419201,0.12
1721422801,0.12
1721426401,0.12
1721430001,0.12
1721433601,0.12
1721437201,0.12
1721440801,0.115
1721444401,0.115
1721448001,0.115
1721451601,0.115
1721455201,0.11
1721458801,0.11
1721462401,0.11
1721466001,0.115
1721469601,0.115
1721473201,0.115
1721476801,0.115
1721480401,0.115
1721484001,0.115
1721487601,0.11
1721491201,0.11
1721494801,0.11
1721498401,0.11
1721502001,0.11
1721505601,0.11
1721509201,0.12
1721512801,0.12
1721516401,0.12
1721520001,0.12
1721523601,0.12
1721527201,0.12
1721530801,0.115
1721534401,0.115
1721538001,0.115
1721541601,0.115
1721545201,0.115
1721548801,0.115
1721552401,0.115
1721556001,0.115
1721559601,0.115
1721563201,0.115
1721566801,0.115
1721570401,0.115
1721574001,0.115
1721577601,0.115
1721581201,0.115
1721588401,0.115
1721592001,0.115
1721595601,0.115
1721599201,0.105
1721602801,0.105
1721606401,0.105
1721610001,0.105
1721613601,0.105
1721617201,0.115
1721620802,0.115
1721624401,0.115
1721628001,0.12
1721631601,0.12
1721635201,0.12
1721638801,0.12
1721642401,0.12
1721646001,0.125
1721649602,0.125
1721653201,0.12
1721656801,0.095
1721660401,0.11
1721664001,0.11
1721667601,0.105
1721671202,0.105
1721674801,0.105
1721678401,0.105
1721682001,0.105
1721685601,0.105
1721689201,0.105
1721692801,0.105
1721696401,0.105
1721700001,0.095
1721703601,0.115
1721707202,0.125
1721710801,0.155
1721714401,0.15
1721718001,0.145
1721721601,0.135
1721725202,0.125
1721728801,0.125
1721732401,0.13
1721736001,0.135
1721739601,0.135
1721743201,0.135
1721746801,0.135
1721750402,0.125
1721754002,0.125
1721757601,0.125
1721761202,0.125
1721764802,0.125
1721768402,0.125
1721772001,0.14
1721775601,0.14
1721779201,0.135
1721782801,0.125
1721786401,0.125
1721790001,0.125
1721793601,0.125
1721797201,0.125
1721800802,0.125
1721804401,0.125
1721808001,0.12
1721811601,0.145
1721815201,0.145
1721818801,0.145
1721822402,0.145
1721826001,0.145
1721829602,0.13
1721833201,0.13
1721836801,0.125
1721840401,0.125
1721844001,0.12
1721847601,0.12
1721851202,0.12
1721854801,0.115
1721858402,0.12
1721862001,0.12
1721865601,0.12
1721869201,0.12
1721872802,0.12
1721876402,0.12
1721880002,0.12
1721883602,0.12
1721887201,0.115
1721890801,0.08
1721894401,0.095
1721898002,0.095
1721901601,0.095
1721905201,0.1
1721908802,0.1
1721912401,0.12
1721916001,0.12
1721919601,0.12
1721923202,0.115
1721926801,0.115
1721930402,0.115
1721934001,0.115
1721937601,0.115
1721941202,0.1
1721944802,0.1
1721948402,0.1
1721952002,0.095
1721955601,0.095
1721959201,0.095
1721962801,0.105
1721966401,0.095
1721970001,0.105
1721973601,0.105
1721977201,0.105
1721980801,0.1
1721984401,0.095
1721988001,0.095
1721991601,0.095
1721995201,0.1
1721998801,0.1
1722002402,0.1
1722006001,0.1
1722009601,0.1
1722013201,0.1
1722016802,0.105
1722020402,0.105
1722024002,0.105
1722027602,0.105
1722031202,0.1
1722034802,0.1
1722038402,0.1
1722042002,0.1
1722045602,0.1
1722049202,0.1
1722052802,0.1
1722056402,0.1
1722060002,0.1
1722063602,0.1
1722067202,0.1
1722070802,0.1
1722074402,0.1
1722078002,0.1
1722081601,0.1
1722085202,0.105
1722088802,0.105
1722092401,0.105
1722096002,0.105
1722099602,0.105
1722103202,0.105
1722106802,0.115
1722110402,0.115
1722114002,0.115
1722117602,0.11
1722121202,0.11
1722124802,0.115
1722128401,0.115
1722132002,0.115
1722135601,0.115
1722139202,0.115
1722142802,0.115
1722146402,0.115
1722150002,0.115
1722153602,0.115
1722157201,0.115
1722160802,0.115
1722164402,0.115
1722168002,0.125
1722171602,0.125
1722175202,0.125
1722178802,0.125
1722182402,0.125
1722186002,0.125
1722189602,0.125
1722193202,0.125
1722196802,0.125
1722200402,0.125
1722204002,0.125
1722207602,0.125
1722211202,0.125
1722214801,0.125
1722218402,0.125
1722222002,0.125
1722225603,0.125
1722229202,0.125
1722232802,0.125
1722236402,0.125
1722240002,0.125
1722243602,0.125
1722247202,0.135
1722250802,0.145
1722254402,0.145
1722258002,0.145
1722261602,0.145
1722265202,0.145
1722268801,0.145
1722272402,0.145
1722276002,0.145
1722279602,0.14
1722283202,0.14
1722286802,0.14
1722290402,0.14
1722294002,0.14
1722297601,0.14
1722301202,0.14
1722304801,0.14
1722308401,0.14
1722312001,0.14
1722315601,0.14
1722319201,0.125
1722322801,0.125
1722326402,0.125
1722330001,0.125
1722333602,0.125
1722337202,0.13
1722340802,0.13
1722344402,0.135
1722348002,0.135
1722351602,0.13
1722355202,0.13
1722358802,0.13
1722362402,0.13
1722366002,0.135
1722369602,0.135
1722373202,0.135
1722376802,0.135
1722380402,0.14
1722384002,0.14
1722387601,0.135
1722391202,0.135
1722394801,0.135
1722398401,0.135
1722402001,0.135
1722405601,0.13
1722409201,0.13
1722412802,0.125
1722416402,0.125
1722420002,0.125
1722423602,0.125
1722427202,0.125
1722430801,0.13
1722434402,0.13
1722438002,0.13
1722441601,0.13
1722445202,0.13
1722448802,0.13
1722452401,0.125
1722456002,0.125
1722459602,0.125
1722463202,0.125
1722466802,0.125
1722470402,0.125
1722474002,0.125
1722477602,0.125
1722481202,0.125
1722484801,0.12
1722488401,0.12
1722492002,0.115
1722495601,0.1
1722499202,0.1
1722502802,0.105
1722506402,0.105
1722510001,0.105
1722513602,0.095
1722517202,0.075
1722520801,0.065
1722524402,0.065
1722528002,0.075
1722531602,0.075
1722535202,0.08
1722538801,0.08
1722542402,0.075
1722546001,0.08
1722549601,0.08
1722553201,0.08
1722556801,0.08
1722560401,0.08
1722564001,0.08
1722567602,0.08
1722571202,0.08
1722574802,0.08
1722578401,0.08
1722582001,0.095
1722585601,0.105
1722589201,0.105
1722592802,0.105
1722596401,0.105
1722600002,0.105
1722603601,0.105
1722607202,0.105
1722610802,0.105
1722614402,0.1
1722618001,0.095
1722621602,0.08
1722625202,0.08
1722628802,0.08
1722632402,0.08
1722636002,0.08
1722639601,0.08
1722643202,0.08
1722646801,0.08
1722650402,0.08
1722654002,0.075
1722657601,0.075
1722661202,0.08
1722664801,0.08
1722668401,0.08
1722672001,0.08
1722675602,0.085
1722679202,0.085
1722682801,0.085
1722686402,0.085
1722690001,0.085
1722693602,0.085
1722697202,0.085
1722700802,0.08
1722704402,0.08
1722708001,0.08
1722711601,0.08
1722715202,0.08
1722718801,0.08
1722722401,0.08
1722726001,0.08
1722729601,0.08
1722733201,0.08
1722736802,0.08
1722740401,0.08
1722744001,0.08
1722747601,0.08
1722751201,0.08
1722754801,0.08
1722758401,0.08
1722762001,0.08
1722765601,0.08
1722769201,0.08
1722772802,0.08
1722776402,0.08
1722780002,0.08
1722783602,0.08
1722787201,0.08
1722790801,0.07
1722794402,0.075
1722798001,0.075
1722801601,0.075
1722805202,0.075
1722808802,0.075
1722812401,0.075
1722816001,0.075
1722819601,0.075
1722823202,0.075
1722826801,0.07
1722830402,0.07
1722834001,0.07
1722837602,0.07
1722841201,0.09
1722844801,0.085
1722848401,0.08
1722852001,0.08
1722855602,0.08
1722859202,0.075
1722862801,0.085
1722866402,0.08
1722870001,0.08
1722873602,0.08
1722877201,0.08
1722880802,0.08
1722884401,0.08
1722888001,0.08
1722891601,0.075
1722895201,0.075
1722898801,0.075
1722902401,0.075
1722906001,0.075
1722909601,0.075
1722913202,0.075
1722916801,0.075
1722920401,0.075
1722924002,0.07
1722927601,0.065
1722931201,0.06
1722934802,0.06
1722938401,0.065
1722942001,0.06
1722945602,0.06
1722949201,0.06
1722952801,0.06
1722956401,0.06
1722960002,0.06
1722963602,0.06
1722967202,0.06
1722970802,0.065
1722974402,0.065
1722978002,0.065
1722981601,0.065
1722985202,0.065
1722988801,0.065
1722992401,0.065
1722996001,0.065
1722999601,0.06
1723003201,0.065
1723006801,0.065
1723010401,0.065
1723014001,0.065
1723017601,0.075
1723021201,0.075
1723024802,0.075
1723028401,0.075
1723032001,0.075
1723035601,0.08
1723039202,0.075
1723042802,0.075
1723046402,0.075
1723050002,0.075
1723053601,0.075
1723057201,0.075
1723060801,0.075
1723064401,0.075
1723068002,0.075
1723071602,0.075
1723075201,0.075
1723078801,0.065
1723082401,0.065
1723086001,0.065
1723089601,0.065
1723093201,0.065
1723096801,0.065
1723100402,0.065
1723104002,0.065
1723107601,0.065
1723111201,0.065
1723114801,0.065
1723118401,0.065
1723122001,0.065
1723125601,0.065
1723129202,0.06
1723132802,0.06
1723136401,0.06
1723140002,0.065
1723143602,0.065
1723147202,0.065
1723150801,0.06
1723154401,0.065
1723158001,0.065
1723161602,0.065
1723165202,0.07
1723168801,0.07
1723172401,0.07
1723176002,0.07
1723179601,0.07
1723183202,0.07
1723186801,0.07
1723190402,0.07
1723194001,0.07
1723197601,0.07
1723201201,0.07
1723204801,0.07
1723208401,0.065
1723212002,0.065
1723215601,0.065
1723219201,0.07
1723222801,0.07
1723226401,0.07
1723230002,0.07
1723233602,0.07
1723237201,0.07
1723240802,0.07
1723244402,0.07
1723248002,0.07
1723251601,0.07
1723255202,0.07
1723258802,0.07
1723262402,0.07
1723266002,0.07
1723269601,0.07
1723273202,0.065
1723276802,0.065
1723280401,0.065
1723284002,0.07
1723287602,0.07
1723291202,0.07
1723294802,0.065
1723298402,0.065
1723302002,0.065
1723305601,0.075
1723309202,0.075
1723312802,0.075
1723316401,0.065
1723320001,0.065
1723323601,0.07
1723327202,0.07
1723330802,0.07
1723334401,0.07
1723338001,0.07
1723341602,0.07
1723345201,0.07
1723348801,0.07
1723352402,0.07
1723356001,0.07
1723359602,0.07
1723363202,0.07
1723366801,0.07
1723370402,0.075
1723374001,0.07
1723377602,0.07
1723381202,0.07
1723384801,0.07
1723388402,0.07
1723392001,0.07
1723395601,0.07
1723399202,0.07
1723402801,0.07
1723406401,0.07
1723410002,0.07
1723413602,0.07
1723417202,0.07
1723420801,0.07
1723424401,0.065
1723428001,0.065
1723431602,0.065
1723435201,0.065
1723438802,0.065
1723442402,0.07
1723446002,0.07
1723449602,0.07
1723453201,0.07
1723456802,0.07
1723460401,0.065
1723464001,0.065
1723467602,0.065
1723471201,0.065
1723474802,0.07
1723478402,0.075
1723482001,0.075
1723485602,0.075
1723489202,0.075
1723492801,0.075
1723496402,0.07
1723500002,0.07
1723503602,0.07
1723507202,0.07
1723510801,0.07
1723514402,0.07
1723518002,0.07
1723521602,0.07
1723525202,0.07
1723528802,0.07
1723532402,0.07
1723536001,0.07
1723539602,0.07
1723543201,0.07
1723546801,0.07
1723550402,0.07
1723554002,0.07
1723557602,0.07
1723561201,0.07
1723564802,0.07
1723568401,0.07
1723572002,0.07
1723575602,0.07
1723579203,0.07
1723582802,0.07
1723586402,0.07
1723590002,0.07
1723593602,0.065
1723597202,0.065
1723600802,0.065
1723604402,0.065
1723608001,0.07
1723611602,0.07
1723615202,0.07
1723618802,0.07
1723622402,0.07
1723626002,0.07
1723629602,0.07
1723633202,0.065
1723636802,0.07
1723640402,0.07
1723644002,0.07
1723647601,0.07
1723651202,0.07
1723654802,0.07
1723658401,0.07
1723662001,0.07
1723665601,0.07
1723669202,0.07
1723672802,0.07
1723676401,0.07
1723680002,0.065
1723683601,0.065
1723687202,0.065
1723690801,0.06
1723694402,0.065
1723698001,0.06
1723701601,0.065
1723705202,0.065
1723708802,0.065
1723712401,0.06
1723716001,0.06
1723719602,0.06
1723723201,0.05
1723726802,0.045
1723730401,0.045
1723734002,0.05
1723737601,0.05
1723741201,0.055
1723744802,0.055
1723748402,0.055
1723752001,0.055
1723755601,0.055
1723759201,0.055
1723762802,0.055
1723766402,0.055
1723770001,0.055
1723773601,0.055
1723777201,0.055
1723780801,0.055
1723784402,0.055
1723788002,0.055
1723791602,0.055
1723795201,0.055
1723798802,0.055
1723802402,0.055
1723806002,0.055
1723809602,0.055
1723813201,0.055
1723816801,0.045
1723820402,0.045
1723824001,0.045
1723827602,0.045
1723831201,0.045
1723834802,0.045
1723838402,0.045
1723842002,0.045
1723845602,0.045
1723849201,0.045
1723852802,0.045
1723856402,0.045
1723860002,0.045
1723863602,0.045
1723867202,0.045
1723870802,0.045
1723874402,0.045
1723878002,0.045
1723881602,0.045
1723885202,0.045
1723888802,0.045
1723892402,0.045
1723896002,0.045
1723899602,0.045
1723903201,0.045
1723906802,0.045
1723910402,0.045
1723914001,0.045
1723917602,0.045
1723921202,0.045
1723924802,0.045
1723928402,0.045
1723932001,0.045
1723935602,0.045
1723939202,0.045
1723942802,0.045
1723946402,0.045
1723950002,0.055
1723953601,0.055
1723957202,0.055
1723960802,0.055
1723964401,0.065
1723968002,0.055
1723971602,0.06
1723975202,0.06
1723978802,0.06
1723982402,0.06
1723986002,0.06
1723989602,0.06
1723993202,0.06
1723996802,0.06
1724000402,0.06
1724004002,0.06
1724007602,0.06
1724011202,0.06
1724014802,0.06
1724018402,0.06
1724022002,0.06
1724025602,0.06
1724029202,0.06
1724032802,0.06
1724036402,0.06
1724040002,0.06
1724043602,0.055
1724047202,0.055
1724050802,0.055
1724054402,0.055
1724058001,0.055
1724061602,0.055
1724065202,0.055
1724068802,0.055
1724072402,0.055
1724076002,0.055
1724079601,0.055
1724083202,0.055
1724086801,0.055
1724090401,0.055
1724094002,0.055
1724097602,0.055
1724101202,0.055
1724104802,0.065
1724108401,0.06
1724112001,0.06
1724115602,0.06
1724119202,0.06
1724122802,0.06
1724126402,0.06
1724130002,0.06
1724133602,0.06
1724137201,0.06
1724140802,0.06
1724144402,0.06
1724148001,0.06
1724151602,0.06
1724155202,0.06
1724158802,0.06
1724162402,0.06
1724166002,0.06
1724169601,0.06
1724173201,0.06
1724176802,0.06
1724180402,0.06
1724184002,0.06
1724187602,0.06
1724191202,0.06
1724194801,0.06
1724198402,0.06
1724202002,0.06
1724205602,0.06
1724209202,0.06
1724212802,0.06
1724216402,0.06
1724220002,0.06
1724223602,0.06
1724227202,0.06
1724230802,0.06
1724234402,0.06
1724238002,0.06
1724241602,0.06
1724245201,0.06
1724248801,0.06
1724252401,0.06
1724256001,0.06
1724259602,0.06
1724263202,0.06
1724266801,0.06
1724270401,0.065
1724274002,0.065
1724277602,0.065
1724281201,0.065
1724284802,0.06
1724288402,0.06
1724292001,0.06
1724295602,0.06
1724299201,0.06
1724302802,0.06
1724306402,0.065
1724310002,0.065
1724313602,0.065
1724317202,0.065
1724320802,0.065
1724324402,0.065
1724328002,0.065
1724331602,0.065
1724335202,0.065
1724338802,0.065
1724342401,0.065
1724346001,0.065
1724349602,0.065
1724353201,0.065
1724356802,0.065
1724360402,0.065
1724364002,0.065
1724367602,0.065
1724371202,0.065
1724374801,0.065
1724378403,0.065
1724382002,0.065
1724385602,0.065
1724389202,0.065
1724392803,0.065
1724396402,0.065
1724400003,0.065
1724403602,0.07
1724407202,0.07
1724410802,0.065
1724414403,0.065
1724418002,0.07
1724421602,0.07
1724425202,0.07
1724428802,0.07
1724432401,0.07
1724436002,0.07
1724439602,0.07
1724443202,0.07
1724446801,0.07
1724450401,0.07
1724454001,0.07
1724457602,0.07
1724461202,0.07
1724464802,0.075
1724468401,0.075
1724472002,0.075
1724475602,0.075
1724479202,0.075
1724482802,0.075
1724486402,0.075
1724490002,0.075
1724493602,0.075
1724497201,0.075
1724500802,0.075
1724504401,0.065
1724508002,0.065
1724511601,0.065
1724515202,0.065
1724518801,0.065
1724522401,0.065
1724526002,0.065
1724529601,0.065
1724533202,0.065
1724536801,0.065
1724540402,0.065
1724544001,0.065
1724547602,0.065
1724551202,0.065
1724554801,0.065
1724558401,0.065
1724562001,0.065
1724565601,0.065
1724569201,0.065
1724572801,0.065
1724576401,0.065
1724580002,0.065
1724583602,0.065
1724587201,0.065
1724590801,0.065
1724594401,0.065
1724598002,0.065
1724601602,0.065
1724605201,0.065
1724608801,0.055
1724612402,0.055
1724616001,0.055
1724619601,0.055
1724623202,0.055
1724626801,0.055
1724630402,0.06
1724634001,0.06
1724637602,0.065
1724641201,0.065
1724644801,0.065
1724648401,0.065
1724652002,0.065
1724655602,0.075
1724659201,0.07
1724662801,0.07
1724666401,0.07
1724670002,0.07
1724673602,0.065
1724677202,0.065
1724680802,0.07
1724684401,0.07
1724688002,0.07
1724691601,0.07
1724695201,0.07
1724698801,0.07
1724702402,0.07
1724706001,0.065
1724709601,0.065
1724713201,0.065
1724716801,0.065
1724720401,0.065
1724724001,0.065
1724727601,0.065
1724731202,0.065
1724734801,0.065
1724738401,0.065
1724742001,0.065
1724745601,0.065
1724749201,0.065
1724752802,0.065
1724756402,0.065
1724760002,0.065
1724763602,0.065
1724767202,0.065
1724770801,0.065
1724774402,0.065
1724778002,0.065
1724781601,0.065
1724785202,0.065
1724788802,0.065
1724792402,0.065
1724796002,0.065
1724799601,0.065
1724803201,0.065
1724806802,0.065
1724810402,0.065
1724814002,0.065
1724817602,0.065
1724821202,0.065
1724824802,0.065
1724828402,0.065
1724832002,0.065
1724835602,0.065
1724839202,0.065
1724842802,0.065
1724846402,0.065
1724850001,0.065
1724853602,0.065
1724857202,0.065
1724860802,0.065
1724864402,0.065
1724868002,0.065
1724871602,0.065
1724875202,0.065
1724878801,0.065
1724882402,0.065
1724886002,0.065
1724889602,0.065
1724893202,0.065
1724896801,0.065
1724900402,0.065
1724904002,0.065
1724907602,0.065
1724911202,0.065
1724914802,0.065
1724918402,0.065
1724922002,0.065
1724925602,0.065
1724929202,0.065
1724932802,0.065
1724936402,0.065
1724940001,0.065
1724943601,0.065
1724947202,0.065
1724950802,0.065
1724954402,0.065
1724958002,0.065
1724961602,0.065
1724965202,0.065
1724968802,0.065
1724972402,0.065
1724976002,0.065
1724979602,0.065
1724983202,0.065
1724986802,0.065
1724990402,0.065
1724994002,0.065
1724997602,0.065
1725001202,0.065
1725004802,0.065
1725008402,0.065
1725012002,0.065
1725015601,0.065
1725019202,0.065
1725022802,0.065
1725026402,0.065
1725030002,0.065
1725033602,0.065
1725037202,0.055
1725040802,0.055
1725044402,0.055
1725048002,0.055
1725051602,0.055
1725055202,0.055
1725058802,0.055
1725062402,0.055
1725066002,0.055
1725069602,0.055
1725073202,0.055
1725076802,0.055
1725080402,0.055
1725084002,0.055
1725087602,0.055
1725091201,0.055
1725094802,0.055
1725098402,0.055
1725102001,0.055
1725105602,0.055
1725109202,0.055
1725112802,0.055
1725116402,0.055
1725120002,0.055
1725123601,0.055
1725127202,0.055
1725130802,0.055
1725134402,0.055
1725138001,0.055
1725141602,0.055
1725145201,0.055
1725148802,0.055
1725152402,0.055
1725156001,0.055
1725159601,0.055
1725163201,0.055
1725166802,0.055
1725170402,0.055
1725174002,0.055
1725177601,0.055
1725181202,0.055
1725184802,0.055
1725188402,0.055
1725192002,0.055
1725195602,0.055
1725199202,0.055
1725202802,0.055
1725206402,0.055
1725210002,0.05
1725213602,0.05
1725217202,0.05
1725220802,0.05
1725224402,0.05
1725228002,0.05
1725231601,0.05
1725235202,0.05
1725238802,0.05
1725242402,0.05
1725246001,0.05
1725249602,0.05
1725253202,0.05
1725256802,0.045
1725260402,0.045
1725264002,0.045
1725267602,0.045
1725271202,0.045
1725274802,0.045
1725278402,0.045
1725282002,0.045
1725285602,0.045
1725289202,0.045
1725292802,0.045
1725296402,0.05
1725300002,0.05
1725303602,0.045
1725307202,0.045
1725310801,0.045
1725314402,0.045
1725318002,0.045
1725321602,0.045
1725325202,0.045
1725328802,0.045
1725332402,0.045
1725336002,0.045
1725339602,0.045
1725343202,0.045
1725346802,0.045
1725350402,0.045
1725354002,0.045
1725357602,0.045
1725361202,0.045
1725364802,0.045
1725368402,0.045
1725372002,0.045
1725375602,0.045
1725379202,0.035
1725382802,0.0395
1725386401,0.0395
1725390002,0.0395
1725393602,0.0395
1725397202,0.04
1725400802,0.04
1725404402,0.0455
1725408002,0.0455
1725411602,0.045
1725415202,0.046
1725418802,0.047
1725422402,0.046
1725426001,0.046
1725429602,0.046
1725433202,0.0465
1725436802,0.046
1725440402,0.046
1725444002,0.046
1725447602,0.0465
1725451202,0.047
1725454802,0.047
1725458402,0.0475
1725462002,0.047
1725465602,0.0455
1725469202,0.0445
1725472802,0.044
1725476402,0.0435
1725480002,0.0435
1725483602,0.044
1725487202,0.045
1725490802,0.0445
1725494402,0.0445
1725498002,0.045
1725501602,0.045
1725505202,0.0445
1725508802,0.0435
1725512402,0.043
1725516002,0.043
1725519603,0.0425
1725523202,0.043
1725526802,0.043
1725530402,0.0425
1725534003,0.0425
1725537602,0.0425
1725541202,0.043
1725544803,0.0425
1725548402,0.0425
1725552002,0.043
1725555602,0.0425
1725559202,0.0515
1725562801,0.0515
1725566402,0.053
1725570002,0.0525
1725573602,0.053
1725577202,0.043
1725580802,0.043
1725584402,0.0435
1725588002,0.0435
1725591602,0.043
1725595202,0.043
1725598802,0.0425
1725602402,0.042
1725606002,0.042
1725609602,0.0415
1725613202,0.042
1725616802,0.0415
1725620402,0.0415
1725624002,0.042
1725627602,0.042
1725631202,0.0415
1725634802,0.0415
1725638401,0.042
1725642002,0.042
1725645602,0.042
1725649203,0.042
1725652802,0.042
1725656402,0.0405
1725660002,0.041
1725663602,0.0405
1725667202,0.0405
1725670802,0.041
1725674402,0.0405
1725678002,0.0405
1725681602,0.041
1725685202,0.041
1725688802,0.041
1725692402,0.041
1725696002,0.041
1725699602,0.041
1725703202,0.041
1725706802,0.041
1725710402,0.041
1725714002,0.041
1725717602,0.041
1725721202,0.035
1725724802,0.035
1725728402,0.035
1725732002,0.035
1725735602,0.035
1725739202,0.041
1725742802,0.041
1725746402,0.041
1725750002,0.041
1725753602,0.041
1725757201,0.041
1725760802,0.041
1725764402,0.041
1725768002,0.041
1725771602,0.041
1725775201,0.041
1725778802,0.041
1725782401,0.041
1725786002,0.041
1725789602,0.041
1725793202,0.041
1725796801,0.041
1725800402,0.041
1725804002,0.041
1725807602,0.041
1725811202,0.041
1725814802,0.041
1725818402,0.041
1725822002,0.041
1725825602,0.041
1725829202,0.041
1725832802,0.041
1725836402,0.041
1725840001,0.041
1725843602,0.0415
1725847202,0.0415
1725850802,0.0415
1725854402,0.0415
1725858002,0.0415
1725861602,0.0415
1725865202,0.0415
1725868802,0.0415
1725872402,0.041
1725876002,0.041
1725879602,0.041
1725883202,0.041
1725886802,0.041
1725890403,0.0405
1725894002,0.0405
1725897602,0.0405
1725901202,0.0405
1725904801,0.0405
1725908402,0.0405
1725912002,0.041
1725915602,0.041
1725919202,0.0415
1725922802,0.0415
1725926402,0.0415
1725930002,0.0415
1725933602,0.0415
1725937203,0.042
1725940802,0.0415
1725944402,0.0415
1725948002,0.041
1725951602,0.041
1725955202,0.041
1725958802,0.041
1725962401,0.0405
1725966003,0.0405
1725969602,0.0405
1725973202,0.04
1725976802,0.0335
1725980402,0.039
1725984002,0.0385
1725987602,0.042
1725991202,0.0425
1725994802,0.043
1725998402,0.0425
1726002001,0.0425
1726005601,0.0425
1726009201,0.0425
1726012801,0.0425
1726016402,0.0425
1726020001,0.042
1726023602,0.042
1726027201,0.042
1726030802,0.0415
1726034402,0.0415
1726038002,0.042
1726041601,0.042
1726045201,0.043
1726048801,0.0385
1726052401,0.0385
1726056002,0.039
1726059602,0.039
1726063202,0.039
1726066802,0.039
1726070402,0.039
1726074002,0.039
1726077602,0.039
1726081202,0.039
1726084802,0.039
1726088402,0.039
1726092001,0.039
1726095601,0.039
1726099202,0.039
1726102801,0.039
1726106402,0.039
1726110002,0.0385
1726113602,0.0385
1726117202,0.0385
1726120803,0.0385
1726124402,0.036
1726128001,0.036
1726131602,0.036
1726135202,0.036
1726138802,0.036
1726142402,0.036
1726146002,0.036
1726149601,0.036
1726153202,0.0365
1726156802,0.0365
1726160402,0.0365
1726164001,0.036
1726167602,0.035
1726171202,0.035
1726174802,0.035
1726178402,0.035
1726182002,0.035
1726185602,0.035
1726189202,0.035
1726192802,0.035
1726196402,0.035
1726200001,0.0355
1726203602,0.035
1726207201,0.035
1726210801,0.035
1726214402,0.035
1726218002,0.035
1726221602,0.035
1726225202,0.034
1726228802,0.034
1726232402,0.034
1726236002,0.0345
1726239602,0.035
1726243201,0.0345
1726246802,0.0345
1726250402,0.0345
1726254002,0.035
1726257602,0.035
1726261202,0.0355
1726264853,0.0355
1726268402,0.036
1726272002,0.04
1726275602,0.04
1726279202,0.04
1726282801,0.04
1726286402,0.0405
1726290002,0.0405
1726293602,0.0405
1726297202,0.0405
1726300802,0.0405
1726304402,0.0405
1726308002,0.0405
1726311602,0.0405
1726315202,0.041
1726318802,0.041
1726322402,0.041
1726326002,0.041
1726329602,0.041
1726333202,0.041
1726336802,0.041
1726340402,0.041
1726344002,0.041
1726347602,0.041
1726351201,0.041
1726354802,0.041
1726358402,0.04
1726362002,0.04
1726365602,0.04
1726369202,0.04
1726372802,0.04
1726376402,0.04
1726380002,0.04
1726383602,0.04
1726387202,0.04
1726390802,0.04
1726394402,0.039
1726398002,0.039
1726401602,0.039
1726405202,0.039
1726408802,0.0395
1726412402,0.0395
1726416002,0.04
1726419602,0.039
1726423202,0.039
1726426802,0.039
1726430402,0.039
1726434002,0.039
1726437602,0.039
1726441202,0.039
1726444802,0.039
1726448402,0.039
1726452002,0.039
1726455602,0.039
1726459202,0.039
1726462802,0.039
1726466402,0.04
1726470002,0.0395
1726473602,0.0395
1726477202,0.0395
1726480802,0.0395
1726484402,0.0395
1726488002,0.0395
1726491602,0.0395
1726495202,0.0395
1726498802,0.0395
1726502402,0.0395
1726506002,0.04
1726509602,0.04
1726513201,0.041
1726516801,0.0405
1726520402,0.041
1726524002,0.041
1726527602,0.0405
1726531202,0.0405
1726534801,0.0405
1726538402,0.0405
1726542002,0.0405
1726545602,0.0405
1726549202,0.0405
1726552802,0.0405
1726556402,0.0405
1726560002,0.0385
1726563602,0.0385
1726567202,0.0385
1726570802,0.0385
1726574402,0.0385
1726578002,0.0385
1726581602,0.0385
1726585202,0.0385
1726588803,0.0385
1726592402,0.039
1726596002,0.039
1726599603,0.0385
1726603202,0.0385
1726606802,0.038
1726610402,0.038
1726614002,0.038
1726617602,0.0305
1726621202,0.0305
1726624802,0.0305
1726628402,0.0305
1726632002,0.0305
1726635602,0.0305
1726639202,0.0305
1726642802,0.0375
1726646402,0.0375
1726650002,0.0375
1726653602,0.0375
1726657202,0.0375
1726660802,0.0375
1726664402,0.037
1726668002,0.0395
1726671602,0.0405
1726675202,0.0405
1726678802,0.0405
1726682402,0.0405
1726686002,0.0405
1726689602,0.0405
1726693202,0.0415
1726696802,0.0415
1726700402,0.0415
1726704001,0.0415
1726707602,0.0415
1726711202,0.04
1726714802,0.04
1726718402,0.04
1726722002,0.04
1726725602,0.04
1726729202,0.0395
1726732802,0.0395
1726736403,0.0395
1726740002,0.0395
1726743602,0.0395
1726747202,0.039
1726750802,0.039
1726754403,0.039
1726758002,0.039
1726761602,0.039
1726765202,0.039
1726768802,0.038
1726772402,0.038
1726776002,0.038
1726779602,0.038
1726783202,0.038
1726786803,0.041
1726790402,0.041
1726794002,0.041
1726797602,0.041
1726801203,0.04
1726804802,0.04
1726808402,0.041
1726812002,0.041
1726815603,0.041
1726819202,0.04
1726822803,0.0415
1726826402,0.041
1726830002,0.041
1726833602,0.041
1726837202,0.0405
1726840802,0.039
1726844402,0.038
1726848002,0.038
1726851602,0.038
1726855202,0.038
1726858802,0.038
1726862402,0.038
1726866002,0.038
1726869602,0.038
1726873202,0.038
1726876802,0.038
1726880402,0.041
1726884002,0.041
1726887602,0.041
1726891202,0.041
1726894802,0.041
1726898402,0.0405
1726902002,0.0415
1726905602,0.041
1726909202,0.041
1726912802,0.0385
1726916402,0.0385
1726920002,0.0385
1726923602,0.0385
1726927202,0.0385
1726930802,0.0385
1726934402,0.0385
1726938002,0.0385
1726941602,0.0385
1726945202,0.0385
1726948802,0.0385
1726952402,0.0385
1726956002,0.0385
1726959602,0.0385
1726963202,0.0385
1726966802,0.0385
1726970402,0.0385
1726974001,0.0385
1726977602,0.0385
1726981202,0.0385
1726984802,0.0385
1726988402,0.0385
1726992002,0.0385
1726995602,0.0385
1726999202,0.0385
1727002802,0.0385
1727006402,0.0385
1727010002,0.0385
1727013602,0.0385
1727017202,0.0385
1727020802,0.0385
1727024402,0.0385
1727028002,0.0385
1727031602,0.039
1727035202,0.039
1727038802,0.0385
1727042402,0.0385
1727046002,0.0385
1727049602,0.0385
1727053202,0.0385
1727056802,0.0385
1727060402,0.0385
1727064002,0.0385
1727067602,0.038
1727071202,0.038
1727074802,0.038
1727078402,0.038
1727082002,0.0375
1727085602,0.0375
1727089202,0.038
1727092802,0.038
1727096402,0.0385
1727100002,0.038
1727103602,0.038
1727107202,0.038
1727110802,0.038
1727114402,0.038
1727118002,0.038
1727121602,0.038
1727125202,0.038
1727128801,0.038
1727132402,0.038
1727136002,0.0385
1727139602,0.0385
1727143202,0.0385
1727146802,0.0385
1727150402,0.0385
1727154002,0.0385
1727157602,0.0365
1727161202,0.036
1727164802,0.0425
1727168402,0.042
1727172002,0.042
1727175602,0.042
1727179202,0.042
1727182802,0.042
1727186402,0.0425
1727190002,0.0425
1727193602,0.0425
1727197203,0.0425
1727200802,0.0425
1727204403,0.0425
1727208002,0.0425
1727211602,0.0405
1727215203,0.0405
1727218802,0.0405
1727222402,0.0405
1727226002,0.0405
1727229602,0.0405
1727233202,0.042
1727236802,0.042
1727240402,0.042
1727244002,0.043
1727247602,0.043
1727251202,0.042
1727254802,0.042
1727258402,0.042
1727262002,0.042
1727265602,0.042
1727269202,0.042
1727272802,0.0445
1727276402,0.0445
1727280003,0.0445
1727283603,0.038
1727287202,0.0385
1727290803,0.0385
1727294402,0.0385
1727298002,0.038
1727301602,0.038
1727305203,0.038
1727308802,0.038
1727312402,0.038
1727316002,0.0385
1727319602,0.0385
1727323203,0.0385
1727326802,0.0385
1727330402,0.038
1727334002,0.038
1727337602,0.0375
1727341202,0.0375
1727344802,0.0375
1727348402,0.037
1727352002,0.0365
1727355602,0.035
1727359202,0.035
1727362802,0.035
1727366402,0.0355
1727370002,0.0375
1727373602,0.0375
1727377203,0.0375
1727380802,0.0375
1727384402,0.0375
1727388002,0.0375
1727391603,0.0375
1727395202,0.0375
1727398802,0.0375
1727402402,0.0375
1727406002,0.0375
1727409602,0.0375
1727413203,0.036
1727416803,0.036
1727420402,0.036
1727424003,0.0375
1727427603,0.037
1727431203,0.037
1727434802,0.037
1727438402,0.037
1727442003,0.037
1727445603,0.037
1727449202,0.037
1727452802,0.039
1727456402,0.039
1727460002,0.0355
1727463602,0.0345
1727467202,0.0345
1727470802,0.0345
1727474402,0.0345
1727478002,0.0345
1727481602,0.0345
1727485202,0.032
1727488802,0.032
1727492402,0.032
1727496002,0.032
1727499602,0.032
1727503202,0.032
1727506803,0.032
1727510402,0.032
1727514002,0.032
1727517602,0.0315
1727521202,0.0315
1727524802,0.0315
1727528402,0.0315
1727532002,0.0295
1727535602,0.029
1727539202,0.029
1727542802,0.029
1727546403,0.029
1727550003,0.029
1727553602,0.029
1727557203,0.029
1727560803,0.0295
1727564402,0.0295
1727568003,0.0295
1727571602,0.0295
1727575203,0.028
1727578803,0.027
1727582403,0.0285
1727586002,0.0285
1727589602,0.0285
1727593203,0.0285
1727596802,0.028
1727600403,0.0275
1727604004,0.0275
1727607603,0.027
1727611202,0.027
1727614803,0.027
1727618403,0.0255
1727622002,0.0245
1727625602,0.025
1727629203,0.025
1727632802,0.027
1727636402,0.0285
1727640002,0.034
1727643602,0.034
1727647203,0.034
1727650802,0.035
1727654403,0.035
1727658003,0.035
1727661603,0.035
1727665202,0.035
1727668802,0.035
1727672402,0.035
1727676002,0.0345
1727679603,0.0345
1727683202,0.0345
1727686802,0.0345
1727690402,0.0345
1727694001,0.035
1727697602,0.035
1727701202,0.0345
1727704802,0.034
1727708402,0.0335
1727712002,0.0335
1727715602,0.0335
1727719202,0.0335
1727722802,0.0335
1727726402,0.0335
1727730002,0.0345
1727733602,0.035
1727737202,0.036
1727740802,0.0355
1727744402,0.0365
1727748002,0.0355
1727751602,0.0365
1727755202,0.0365
1727758802,0.036
1727762402,0.035
1727766002,0.036
1727769602,0.0345
1727773202,0.0345
1727776802,0.0345
1727780403,0.0345
1727784002,0.034
1727787602,0.034
1727791202,0.0335
1727794802,0.0335
1727798402,0.0335
1727802003,0.0335
1727805602,0.0335
1727809202,0.033
1727812802,0.033
1727816402,0.0325
1727820002,0.0325
1727823602,0.0325
1727827202,0.0325
1727830802,0.0325
1727834402,0.0325
1727838002,0.0315
1727841602,0.0315
1727845202,0.029
1727848802,0.0285
1727852402,0.0285
1727856002,0.0285
1727859602,0.0285
1727863202,0.0285
1727866802,0.0285
1727870402,0.0285
1727874002,0.0285
1727877602,0.0285
1727877607,0.0285
1727881202,0.0285
1727884801,0.0285
1727888402,0.025
1727892002,0.025
1727895602,0.026
1727899202,0.025
1727902802,0.025
1727906402,0.026
1727910003,0.026
1727913602,0.026
1727917202,0.02
1727920802,0.02
1727924403,0.02
1727928002,0.0195
1727931603,0.0195
1727935202,0.0195
1727938802,0.02
1727942402,0.02
1727946002,0.02
1727949602,0.02
1727953202,0.0195
1727956802,0.023
1727960402,0.023
1727964002,0.0225
1727967603,0.0225
1727971202,0.0225
1727974802,0.0225
1727978401,0.0225
1727982002,0.024
1727985602,0.024
1727989202,0.024
1727992802,0.0235
1727996402,0.0235
1728000002,0.025
1728003602,0.025
1728007202,0.022
1728010802,0.024
1728014403,0.024
1728018002,0.024
1728021602,0.0275
1728025202,0.024
1728028802,0.026
1728032402,0.022
1728036002,0.022
1728039602,0.0215
1728043202,0.0215
1728046802,0.0215
1728050402,0.0205
1728054002,0.0205
1728057602,0.0205
1728061202,0.0205
1728064802,0.0205
1728068402,0.0205
1728072002,0.0205
1728075602,0.0205
1728079202,0.0205
1728082802,0.021
1728086402,0.021
1728090002,0.021
1728093602,0.02
1728097202,0.02
1728100802,0.02
1728104402,0.02
1728108002,0.02
1728111602,0.021
1728115202,0.0215
1728118802,0.0245
1728122402,0.025
1728126002,0.023
1728129602,0.0215
1728133202,0.0215
1728136802,0.022
1728140402,0.022
1728144002,0.022
1728147602,0.022
1728151202,0.021
1728154802,0.021
1728158402,0.021
1728162002,0.021
1728165602,0.021
1728169202,0.021
1728172802,0.021
1728176402,0.021
1728180002,0.021
1728183602,0.0205
1728187202,0.0205
1728190802,0.0205
1728194402,0.021
1728198002,0.0195
1728201602,0.0205
1728205202,0.022
1728208802,0.0215
1728212402,0.019
1728216002,0.0215
1728219602,0.0215
1728223202,0.02
1728226802,0.02
1728230402,0.018
1728234002,0.018
1728237602,0.0175
1728241202,0.0175
1728244802,0.017
1728248402,0.0175
1728252002,0.018
1728255602,0.018
1728259202,0.018
1728262802,0.0205
1728266402,0.0205
1728270002,0.021
1728273602,0.0215
1728277202,0.0265
1728280802,0.0275
1728284402,0.0255
1728288002,0.025
1728291602,0.0285
1728295202,0.026
1728298802,0.0255
1728302402,0.0255
1728306002,0.0265
1728309602,0.0305
1728313201,0.0265
1728316802,0.0265
1728320402,0.0265
1728324002,0.0265
1728327602,0.026
1728331202,0.026
1728334802,0.024
1728338402,0.025
1728342002,0.0235
1728345602,0.024
1728349202,0.024
1728352802,0.0245
1728356402,0.0245
1728360002,0.0245
1728363602,0.024
1728367202,0.0235
1728370802,0.024
1728374402,0.0245
1728378002,0.0245
1728381602,0.024
1728385202,0.0245
1728388802,0.024
1728392402,0.0225
1728396002,0.022
1728399603,0.022
1728403214,0.022
1728406803,0.022
1728410402,0.0245
1728414003,0.025
1728417603,0.025
1728421202,0.024
1728424802,0.024
1728428402,0.024
1728432002,0.024
1728435602,0.024
1728439202,0.024
1728442802,0.024
1728446402,0.024
1728450002,0.0235
1728453602,0.0225
1728457202,0.0235
1728460802,0.0225
1728464402,0.022
1728468002,0.022
1728471602,0.022
1728475202,0.021
1728478802,0.021
1728482402,0.0165
1728486002,0.016
1728489602,0.017
1728493202,0.016
1728496802,0.021
1728500402,0.021
1728504003,0.029
1728507603,0.029
1728511202,0.0285
1728514802,0.0285
1728518402,0.0285
1728522002,0.03
1728525603,0.03
1728529203,0.024
1728532802,0.0245
1728536402,0.02
1728540002,0.0205
1728543603,0.0205
1728547202,0.0205
1728550802,0.0205
1728554402,0.0205
1728558002,0.021
1728561603,0.0215
1728565203,0.0225
1728568803,0.0225
1728572403,0.0225
1728576003,0.0225
1728579602,0.022
1728583203,0.022
1728586802,0.022
1728590402,0.022
1728594003,0.022
1728597603,0.022
1728601203,0.022
1728604803,0.022
1728608402,0.022
1728612003,0.022
1728615602,0.022
1728619202,0.022
1728622802,0.0205
1728626402,0.021
1728630003,0.0215
1728633603,0.023
1728637202,0.0225
1728640803,0.027
1728644403,0.025
1728648002,0.025
1728651603,0.024
1728655202,0.023
1728658802,0.0235
1728662402,0.021
1728666003,0.0235
1728669603,0.023
1728673202,0.0225
1728676802,0.0225
1728680402,0.0255
1728684002,0.0255
1728687602,0.0255
1728691202,0.0255
1728694802,0.0255
1728698403,0.0255
1728702002,0.0255
1728705602,0.0255
1728709202,0.0275
1728712802,0.0255
1728716402,0.026
1728720003,0.021
1728723602,0.0235
1728727202,0.0225
1728730802,0.022
1728734403,0.021
1728738002,0.021
1728741603,0.0295
1728745203,0.03
1728748802,0.028
1728752403,0.027
1728756002,0.0215
1728759602,0.023
1728763202,0.0235
1728766802,0.024
1728770402,0.024
1728774002,0.024
1728777603,0.024
1728781202,0.024
1728784802,0.024
1728788402,0.0245
1728792002,0.025
1728795602,0.0285
1728799202,0.0255
1728802802,0.0255
1728806402,0.0255
1728810002,0.025
1728813602,0.025
1728817202,0.026
1728820803,0.026
1728824402,0.0255
1728828002,0.025
1728831602,0.025
1728835202,0.025
1728838802,0.023
1728842402,0.023
1728846002,0.023
1728849602,0.023
1728853203,0.0275
1728856802,0.0275
1728860402,0.0275
1728864002,0.0275
1728867602,0.0275
1728871202,0.0275
1728874802,0.0275
1728878402,0.0275
1728882002,0.0305
1728885602,0.03
1728889202,0.028
1728892802,0.028
1728896402,0.0295
1728900002,0.029
1728903602,0.029
1728907203,0.029
1728910803,0.029
1728914402,0.029
1728918002,0.029
1728921602,0.0295
1728925202,0.0295
1728928802,0.029
1728932402,0.03
1728936002,0.03
1728939602,0.03
1728943202,0.03
1728946802,0.029
1728950402,0.0295
1728954002,0.0295
1728957602,0.0295
1728961202,0.03
1728964802,0.03
1728968402,0.03
1728972002,0.0265
1728975602,0.03
1728979202,0.0275
1728982802,0.0275
1728986402,0.027
1728990002,0.026
1728993602,0.026
1728997202,0.026
1729000802,0.026
1729004402,0.028
1729008002,0.028
1729011602,0.0305
1729015202,0.031
1729018803,0.0305
1729022402,0.029
1729026003,0.03
1729029603,0.03
1729033202,0.03
1729036803,0.03
1729040402,0.03
1729044002,0.03
1729047602,0.0295
1729051202,0.03
1729054802,0.03
1729058402,0.0305
1729062002,0.031
1729065603,0.0295
1729069202,0.0295
1729072802,0.029
1729076402,0.029
1729080002,0.0285
1729083602,0.029
1729087202,0.029
1729090803,0.029
1729094403,0.031
1729098002,0.032
1729101602,0.0345
1729105202,0.038
1729108802,0.0355
1729112403,0.0385
1729116002,0.0385
1729119602,0.039
1729123202,0.039
1729126803,0.039
1729130403,0.0395
1729134003,0.0395
1729137603,0.0395
1729141203,0.0395
1729144803,0.038
1729148402,0.038
1729152003,0.038
1729155603,0.037
1729159202,0.0375
1729162803,0.0375
1729166402,0.0375
1729170002,0.037
1729173603,0.0395
1729177203,0.0385
1729180802,0.038
1729184402,0.036
1729188002,0.036
1729191602,0.036
1729195202,0.037
1729198803,0.0375
1729202402,0.0385
1729206002,0.0385
1729209602,0.038
1729213202,0.034
1729216802,0.026
1729220403,0.025
1729224003,0.0265
1729227603,0.0255
1729231202,0.0255
1729234802,0.025
1729238403,0.025
1729242002,0.0255
1729245603,0.027
1729249203,0.0275
1729252802,0.0275
1729256403,0.0275
1729260002,0.0275
1729263602,0.0275
1729267203,0.027
1729270802,0.0265
1729274403,0.026
1729278002,0.026
1729281602,0.026
1729285202,0.026
1729288802,0.026
1729292402,0.026
1729296002,0.026
1729299602,0.027
1729303202,0.027
1729306802,0.027
1729310402,0.026
1729314002,0.026
1729317602,0.026
1729321202,0.026
1729324802,0.026
1729328402,0.027
1729332003,0.026
1729335603,0.026
1729339203,0.0245
1729342803,0.0245
1729346403,0.0245
1729350002,0.0235
1729353602,0.0235
1729357202,0.0235
1729360802,0.023
1729364402,0.023
1729368003,0.023
1729371602,0.023
1729375202,0.022
1729378802,0.022
1729382402,0.022
1729386002,0.022
1729389602,0.022
1729393202,0.022
1729396802,0.022
1729400402,0.021
1729404002,0.0205
1729407602,0.0205
1729411202,0.0215
1729414802,0.0265
1729418402,0.026
1729422002,0.026
1729425602,0.026
1729429202,0.026
1729432802,0.026
1729436402,0.0265
1729440002,0.0265
1729443602,0.028
1729447202,0.027
1729450802,0.0275
1729454402,0.026
1729458003,0.027
1729461602,0.027
1729465202,0.0275
1729468802,0.027
1729472402,0.027
1729476002,0.027
1729479602,0.027
1729483202,0.027
1729486802,0.027
1729490402,0.032
1729494002,0.033
1729497602,0.031
1729501202,0.032
1729504803,0.0325
1729508402,0.0325
1729512002,0.0325
1729515602,0.032
1729519202,0.0355
1729522802,0.033
1729526402,0.0315
1729530003,0.0315
1729533602,0.0315
1729537202,0.031
1729540802,0.03
1729544402,0.03
1729548003,0.03
1729551602,0.03
1729555202,0.03
1729558802,0.03
1729562402,0.027
1729566002,0.027
1729569603,0.0255
1729573202,0.0275
1729576802,0.029
1729580402,0.0245
1729584002,0.0245
1729587603,0.0245
1729591202,0.0245
1729594803,0.0245
1729598402,0.0245
1729602002,0.0245
1729605602,0.0245
1729609202,0.0245
1729612802,0.0245
1729616402,0.0245
1729620002,0.031
1729623602,0.0305
1729627203,0.032
1729630802,0.032
1729634402,0.0325
1729638002,0.0325
1729641602,0.032
1729645202,0.03
1729648802,0.031
1729652402,0.0305
1729656002,0.0305
1729659602,0.0165
1729663203,0.0125
1729666803,0.013
1729670402,0.0105
1729674002,0.0125
1729677603,0.0125
1729681202,0.0125
1729684802,0.0125
1729688403,0.0125
1729692003,0.0125
1729695603,0.013
1729699203,0.0125
1729702802,0.0125
1729706402,0.0195
1729710002,0.0195
1729713602,0.019
1729717202,0.018
1729720803,0.0195
1729724403,0.0205
1729728003,0.021
1729731603,0.0225
1729735202,0.021
1729738802,0.0205
1729742403,0.022
1729746002,0.024
1729749602,0.0235
1729753202,0.023
1729756802,0.023
1729760402,0.023
1729764002,0.023
1729767602,0.023
1729771202,0.023
1729774802,0.023
1729778402,0.023
1729782003,0.0215
1729785603,0.0265
1729789202,0.0275
1729792802,0.0275
1729796402,0.0275
1729800002,0.0255
1729803602,0.026
1729807202,0.0255
1729810802,0.026
1729814403,0.0265
1729818003,0.0265
1729821603,0.0265
1729825204,0.0275
1729828803,0.027
1729832403,0.027
1729836003,0.0265
1729839602,0.0265
1729843202,0.026
1729846802,0.026
1729850402,0.026
1729854002,0.029
1729857603,0.029
1729861203,0.0275
1729864802,0.0275
1729868403,0.0195
1729872002,0.0145
1729875602,0.019
1729879202,0.019
1729882802,0.0185
1729886403,0.0195
1729890003,0.0195
1729893602,0.0195
1729897202,0.0195
1729900803,0.0185
1729904403,0.0185
1729908003,0.018
1729911602,0.018
1729915202,0.018
1729918803,0.017
1729922402,0.017
1729926003,0.0115
1729929602,0.0165
1729933203,0.0165
1729936802,0.017
1729940402,0.017
1729944003,0.016
1729947602,0.0165
1729951203,0.017
1729954803,0.0175
1729958402,0.018
1729962003,0.018
1729965603,0.018
1729969203,0.0195
1729972802,0.0195
1729976403,0.019
1729980002,0.023
1729983602,0.023
1729987203,0.023
1729990802,0.023
1729994402,0.023
1729998002,0.023
1730001602,0.023
1730005202,0.023
1730008803,0.023
1730012402,0.023
1730016003,0.023
1730019602,0.023
1730023202,0.0225
1730026802,0.0225
1730030402,0.0155
1730034002,0.0235
1730037602,0.0225
1730041203,0.0225
1730044802,0.0225
1730048402,0.0225
1730052002,0.0225
1730055602,0.023
1730059202,0.023
1730062802,0.023
1730066403,0.0235
1730070002,0.0235
1730073603,0.0235
1730077202,0.026
1730080803,0.024
1730084403,0.024
1730088003,0.024
1730091604,0.026
1730095203,0.027
1730098804,0.026
1730102403,0.0265
1730106002,0.024
1730109603,0.0275
1730113203,0.0285
1730116802,0.0285
1730120402,0.0285
1730124002,0.0275
1730127602,0.0285
1730131202,0.0285
1730134802,0.0275
1730138402,0.028
1730142002,0.0275
1730145603,0.0275
1730149202,0.0275
1730152803,0.0275
1730156403,0.028
1730160002,0.028
1730163602,0.028
1730167202,0.032
1730170802,0.0325
1730174403,0.0335
1730178002,0.034
1730181604,0.0335
1730185203,0.031
1730188803,0.03
1730192404,0.03
1730196003,0.0295
1730199603,0.0295
1730203203,0.03
1730206803,0.03
1730210403,0.032
1730214003,0.032
1730217603,0.032
1730221203,0.032
1730224803,0.032
1730228403,0.034
1730232003,0.0325
1730235603,0.0325
1730239203,0.032
1730242803,0.032
1730246403,0.0315
1730250002,0.0315
1730253603,0.026
1730257202,0.0255
1730260802,0.0255
1730264403,0.0235
1730268002,0.0165
1730271602,0.0165
1730275202,0.0165
1730278803,0.024
1730282403,0.025
1730286003,0.024
1730289603,0.025
1730293203,0.0225
1730296802,0.0195
1730300403,0.0195
1730304002,0.0205
1730307602,0.0185
1730311202,0.0185
1730314803,0.019
1730318402,0.021
1730322003,0.0195
1730325602,0.0195
1730329203,0.0195
1730332803,0.0195
1730336403,0.0195
1730340003,0.0195
1730343603,0.0195
1730347203,0.019
1730350803,0.0185
1730354403,0.0185
1730358003,0.0195
1730361603,0.0195
1730365203,0.0195
1730368803,0.0195
1730372402,0.0195
1730376003,0.02
1730379602,0.02
1730383203,0.02
1730386803,0.02
1730390403,0.02
1730394003,0.02
1730397603,0.02
1730401203,0.02
1730404803,0.02
1730408403,0.02
1730412003,0.0205
1730415603,0.0205
1730419203,0.0205
1730422803,0.0205
1730426403,0.021
1730430003,0.022
1730433603,0.021
1730437203,0.021
1730440802,0.021
1730444402,0.022
1730448002,0.0215
1730451603,0.0215
1730455202,0.021
1730458802,0.021
1730462403,0.021
1730466002,0.019
1730469603,0.019
1730473203,0.019
1730476803,0.019
1730480403,0.019
1730484003,0.019
1730487603,0.019
1730491227,0.0185
1730494803,0.0185
1730498403,0.019
1730502003,0.019
1730505603,0.018
1730509203,0.018
1730512803,0.018
1730516403,0.019
1730520003,0.019
1730523603,0.019
1730527203,0.019
1730530803,0.019
1730534403,0.019
1730538003,0.0185
1730541603,0.0185
1730545203,0.0185
1730548803,0.0185
1730552403,0.0185
1730556003,0.0185
1730559602,0.018
1730563202,0.018
1730566803,0.018
1730570402,0.018
1730574003,0.018
1730577603,0.0175
1730581203,0.0175
1730584803,0.0175
1730588403,0.0175
1730592003,0.0175
1730595603,0.0175
1730599203,0.018
1730602803,0.0185
1730606403,0.0185
1730610003,0.0185
1730613603,0.0185
1730617203,0.0185
1730620802,0.0185
1730624403,0.0185
1730628003,0.0185
1730631603,0.0185
1730635203,0.0185
1730638802,0.0185
1730642403,0.0185
1730646003,0.018
1730649603,0.018
1730653203,0.018
1730656803,0.018
1730660403,0.018
1730664003,0.018
1730667603,0.018
1730671203,0.018
1730674803,0.084
1730678403,0.024
1730682003,0.0235
1730685603,0.0235
1730689202,0.0335
1730692803,0.0315
1730696402,0.0315
1730700003,0.034
1730703603,0.0345
1730707203,0.029
1730710802,0.0295
1730714403,0.033
1730718003,0.033
1730721603,0.033
1730725203,0.0325
1730728804,0.0285
1730732403,0.0225
1730736003,0.022
1730739604,0.0225
1730743203,0.0215
1730746804,0.022
1730750402,0.022
1730754002,0.022
1730757602,0.022
1730761202,0.0205
1730764802,0.0205
1730768402,0.0205
1730772002,0.0205
1730775602,0.02
1730779202,0.02
1730782802,0.0195
1730786402,0.031
1730790002,0.0255
1730793602,0.024
1730797202,0.0225
1730800802,0.022
1730804402,0.0215
1730808002,0.0215
1730811602,0.024
1730815202,0.0215
1730818802,0.021
1730822402,0.021
1730826002,0.024
1730829602,0.0235
1730833202,0.024
1730836803,0.0205
1730840402,0.025
1730847602,0.024
1730851202,0.025
1730854802,0.024
1730858402,0.024
1730862002,0.0245
1730865603,0.0285
1730869203,0.0325
1730872802,0.0325
1730876402,0.033
1730880003,0.0325
1730883602,0.0215
1730887202,0.022
1730890802,0.0225
1730894403,0.0225
1730898002,0.0305
1730901603,0.0275
1730905202,0.0275
1730908802,0.0265
1730912402,0.0265
1730916002,0.0265
1730919602,0.026
1730923202,0.0265
1730926802,0.0225
1730930402,0.0225
1730934003,0.0225
1730937603,0.0255
1730941203,0.0265
1730944802,0.0265
1730948402,0.025
1730952002,0.0215
1730955602,0.0215
1730959202,0.0215
1730962802,0.0225
1730966402,0.0225
1730970002,0.0215
1730973602,0.0215
1730977202,0.022
1730980802,0.022
1730984402,0.022
1730988002,0.022
1730991602,0.022
1730995202,0.0225
1730998802,0.0225
1731002403,0.022
1731006002,0.021
1731009602,0.0195
1731013202,0.0225
1731016802,0.022
1731020402,0.021
1731024002,0.022
1731027603,0.0225
1731031202,0.0225
1731034802,0.0225
1731038402,0.0225
1731042002,0.022
1731045602,0.022
1731049202,0.0225
1731052802,0.022
1731056403,0.021
1731060002,0.021
1731063602,0.021
1731067203,0.021
1731070802,0.0215
1731074402,0.022
1731078003,0.022
1731081602,0.022
1731085202,0.022
1731088803,0.03
1731092402,0.0265
1731096003,0.029
1731099602,0.036
1731103202,0.0365
1731106802,0.0365
1731110403,0.0365
1731114002,0.036
1731117603,0.0435
1731121202,0.0405
1731124803,0.034
1731128403,0.0325
1731132003,0.032
1731135603,0.0325
1731139202,0.033
1731142802,0.033
1731146403,0.0355
1731150002,0.0385
1731153602,0.037
1731157202,0.0335
1731160802,0.0325
1731164402,0.0325
1731168003,0.0325
1731171603,0.0315
1731175202,0.0345
1731178803,0.0295
1731182402,0.0305
1731186002,0.0295
1731189602,0.03
1731193202,0.0285
1731196802,0.0295
1731200402,0.029
1731204003,0.0295
1731207602,0.028
1731211202,0.0285
1731214803,0.0275
1731218402,0.03
1731222003,0.029
1731225603,0.0285
1731229202,0.0275
1731232802,0.0265
1731236403,0.027
1731240002,0.03
1731243602,0.0295
1731247202,0.03
1731250802,0.0295
1731254403,0.029
1731258003,0.031
1731261602,0.031
1731265202,0.031
1731268802,0.03
1731272402,0.0305
1731276002,0.031
1731279602,0.031
1731283202,0.031
1731286802,0.0305
1731290402,0.0305
1731294002,0.0305
1731297602,0.0295
1731301202,0.029
1731304802,0.029
1731308402,0.029
1731312002,0.029
1731315602,0.0305
1731319202,0.031
1731322802,0.031
1731326402,0.032
1731330002,0.032
1731333602,0.0295
1731337202,0.0295
1731340802,0.031
1731344402,0.0325
1731348003,0.0325
1731351602,0.0325
1731355203,0.0325
1731358802,0.0305
1731362402,0.0315
1731366002,0.031
1731369602,0.0315
1731373202,0.0315
1731376803,0.0315
1731380403,0.0335
1731384003,0.0335
1731387602,0.0335
1731391203,0.033
1731394803,0.0325
1731398403,0.0325
1731402002,0.0305
1731405603,0.03
1731409203,0.0315
1731412803,0.0305
1731416403,0.031
1731420002,0.0315
1731423603,0.0315
1731427203,0.0305
1731430802,0.0305
1731434403,0.0305
1731438003,0.0305
1731441603,0.0305
1731445203,0.0295
1731448803,0.0295
1731452403,0.03
1731456003,0.03
1731459603,0.03
1731463203,0.03
1731466803,0.0295
1731470403,0.03
1731474003,0.0295
1731477603,0.0295
1731481203,0.0295
1731484803,0.0295
1731488402,0.0295
1731492003,0.031
1731495603,0.031
1731499202,0.031
1731502802,0.031
1731506402,0.0295
1731510002,0.0315
1731513603,0.0315
1731517203,0.031
1731520803,0.0315
1731524403,0.034
1731528003,0.034
1731531603,0.0325
1731535203,0.032
1731538803,0.032
1731542403,0.0325
1731546003,0.033
1731549603,0.032
1731553203,0.032
1731556803,0.032
1731560402,0.0315
1731564002,0.028
1731567603,0.0275
1731571203,0.0275
1731574803,0.0305
1731578403,0.03
1731582003,0.0305
1731585602,0.0265
1731589203,0.0265
1731592803,0.0265
1731596403,0.0265
1731600003,0.0265
1731603603,0.0265
1731607203,0.0265
1731610803,0.0325
1731614403,0.035
1731618003,0.0325
1731621603,0.0275
1731625203,0.027
1731628803,0.027
1731632403,0.027
1731636003,0.027
1731639603,0.027
1731643203,0.0265
1731646802,0.0265
1731650402,0.0265
1731654003,0.0265
1731657603,0.0265
1731661203,0.0265
1731664804,0.0265
1731668402,0.027
1731672002,0.027
1731675603,0.027
1731679204,0.027
1731682803,0.0275
1731686403,0.0275
1731690003,0.033
1731693603,0.033
1731697203,0.0325
1731700803,0.034
1731704403,0.033
1731708003,0.033
1731711603,0.032
1731715203,0.033
1731718803,0.032
1731722403,0.0325
1731726003,0.0325
1731729603,0.0325
1731733203,0.0325
1731736803,0.033
1731740403,0.0335
1731744002,0.033
1731747603,0.0325
1731751202,0.031
1731754803,0.0305
1731758403,0.029
1731762002,0.029
1731765603,0.0285
1731769203,0.0295
1731772802,0.03
1731776403,0.03
1731780003,0.03
1731783603,0.03
1731787203,0.03
1731790803,0.03
1731794403,0.03
1731798002,0.0305
1731801603,0.0305
1731805203,0.0305
1731808803,0.031
1731812403,0.031
1731816003,0.0305
1731819602,0.0305
1731823203,0.03
1731826803,0.03
1731830403,0.027
1731834003,0.026
1731837602,0.022
1731841203,0.0215
1731844803,0.0245
1731848403,0.0245
1731852003,0.023
1731855603,0.024
1731859203,0.024
1731862803,0.021
1731866402,0.0205
1731870002,0.0205
1731873603,0.0195
1731877203,0.02
1731880802,0.0195
1731884403,0.0195
1731888003,0.0195
1731891603,0.0195
1731895203,0.0195
1731898803,0.02
1731902403,0.023
1731906003,0.023
1731909602,0.023
1731913203,0.021
1731916803,0.0215
1731920403,0.0215
1731924003,0.0215
1731927603,0.0215
1731931203,0.0215
1731934803,0.022
1731938403,0.022
1731942003,0.0205
1731945603,0.0205
1731949203,0.021
1731952803,0.021
1731956403,0.0225
1731960003,0.0225
1731963603,0.0225
1731967203,0.0225
1731970803,0.0225
1731974403,0.0225
1731978003,0.0225
1731981603,0.0215
1731985203,0.022
1731988803,0.022
1731992403,0.022
1731996003,0.022
1731999603,0.022
1732003203,0.022
1732006803,0.022
1732010403,0.022
1732014003,0.022
1732017603,0.0215
1732021203,0.0215
1732024803,0.0215
1732028403,0.0215
1732032003,0.0235
1732035603,0.022
1732039203,0.022
1732042803,0.022
1732046403,0.022
1732050003,0.0225
1732053603,0.0225
1732057203,0.0225
1732060803,0.0225
1732064403,0.0205
1732068003,0.0205
1732071603,0.0195
1732075203,0.021
1732078803,0.0205
1732082403,0.0205
1732086003,0.021
1732089603,0.021
1732093203,0.021
1732096803,0.0205
1732100403,0.02
1732104003,0.0185
1732107603,0.0185
1732111202,0.0185
1732114803,0.019
1732118403,0.019
1732122003,0.019
1732125603,0.0185
1732129203,0.0185
1732132803,0.0185
1732136403,0.0185
1732140003,0.0185
1732143603,0.0185
1732147203,0.0165
1732150803,0.0165
1732154403,0.018
1732158004,0.017
1732161603,0.021
1732165203,0.0195
1732168803,0.0205
1732172403,0.026
1732176003,0.026
1732179603,0.026
1732183203,0.026
1732186803,0.026
1732190403,0.0225
1732194003,0.026
1732197603,0.028
1732201203,0.0265
1732204803,0.0255
1732208403,0.0255
1732212003,0.026
1732215603,0.026
1732219204,0.026
1732222803,0.026
1732226403,0.026
1732230002,0.0255
1732233603,0.0255
1732237203,0.0255
1732240803,0.025
1732244403,0.0245
1732248003,0.0245
1732251603,0.0245
1732255203,0.0245
1732258803,0.024
1732262403,0.0245
1732266003,0.026
1732269603,0.0255
1732273203,0.0255
1732276803,0.0245
1732280403,0.0245
1732284003,0.027
1732287603,0.0235
1732291203,0.0235
1732294803,0.018
1732298403,0.019
1732302003,0.0185
1732305603,0.02
1732309203,0.0205
1732312803,0.0215
1732316403,0.021
1732320004,0.021
1732323603,0.021
1732327203,0.021
1732330804,0.021
1732334403,0.021
1732338003,0.021
1732341603,0.021
1732345203,0.0215
1732348803,0.0215
1732352403,0.0215
1732356004,0.0215
1732359603,0.0215
1732363203,0.022
1732366803,0.022
1732370404,0.022
1732374003,0.022
1732377602,0.023
1732381203,0.023
1732384803,0.022
1732388403,0.022
1732392003,0.022
1732395603,0.0225
1732399203,0.0215
1732402803,0.0215
1732406403,0.0215
1732410003,0.0215
1732413604,0.0215
1732417203,0.0215
1732420804,0.021
1732424403,0.021
1732428003,0.022
1732431603,0.0215
1732435203,0.022
1732438803,0.022
1732442404,0.022
1732446003,0.022
1732449603,0.022
1732453203,0.022
1732456804,0.022
1732460403,0.0215
1732464003,0.021
1732467603,0.021
1732471204,0.02
1732474802,0.02
1732478403,0.02
1732482003,0.02
1732485603,0.02
1732489203,0.02
1732492803,0.02
1732496403,0.02
1732500003,0.02
1732500423,0.02
